'00851',BNC SUVIDHA SPL,1,BBS ,BHUBANESWAR    ,'00:00:00','22:50:00'
'00851',BNC SUVIDHA SPL,2,BAM ,BRAHMAPUR      ,'01:10:00','01:12:00'
'00851',BNC SUVIDHA SPL,3,VSKP,VISAKHAPATNAM  ,'05:10:00','05:30:00'
'00851',BNC SUVIDHA SPL,4,BZA ,VIJAYAWADA JN  ,'11:10:00','11:20:00'
'00851',BNC SUVIDHA SPL,5,RU  ,RENIGUNTA JN   ,'16:42:00','16:52:00'
'00851',BNC SUVIDHA SPL,6,JTJ ,JOLARPETTAI    ,'20:35:00','20:37:00'
'00851',BNC SUVIDHA SPL,7,BNC ,BANGALORE CANT ,'22:40:00','00:00:00'
'00852',BNC BBS SUVIDHA,1,BNC ,BANGALORE CANT ,'00:00:00','01:00:00'
'00852',BNC BBS SUVIDHA,2,JTJ ,JOLARPETTAI    ,'03:30:00','03:32:00'
'00852',BNC BBS SUVIDHA,3,RU  ,RENIGUNTA JN   ,'06:45:00','06:55:00'
'00852',BNC BBS SUVIDHA,4,BZA ,VIJAYAWADA JN  ,'12:20:00','12:30:00'
'00852',BNC BBS SUVIDHA,5,VSKP,VISAKHAPATNAM  ,'18:00:00','18:20:00'
'00852',BNC BBS SUVIDHA,6,BAM ,BRAHMAPUR      ,'22:35:00','22:37:00'
'00852',BNC BBS SUVIDHA,7,BBS ,BHUBANESWAR    ,'01:45:00','00:00:00'
'01081',DR BSL T F SPL ,1,DR  ,DADAR          ,'00:00:00','21:45:00'
'01081',DR BSL T F SPL ,2,TNA ,THANE          ,'22:03:00','22:05:00'
'01081',DR BSL T F SPL ,3,KYN ,KALYAN JN      ,'22:22:00','22:45:00'
'01081',DR BSL T F SPL ,4,IGP ,IGATPURI       ,'00:05:00','00:10:00'
'01081',DR BSL T F SPL ,5,NK  ,NASIK ROAD     ,'00:52:00','00:55:00'
'01081',DR BSL T F SPL ,6,CSN ,CHALISGAON JN  ,'02:30:00','02:32:00'
'01081',DR BSL T F SPL ,7,JL  ,JALGAON JN     ,'03:27:00','03:30:00'
'01081',DR BSL T F SPL ,8,BSL ,BHUSAVAL JN    ,'05:00:00','00:00:00'
'01082',BSL DR T F SPL ,1,BSL ,BHUSAVAL JN    ,'00:00:00','08:35:00'
'01082',BSL DR T F SPL ,2,JL  ,JALGAON JN     ,'09:00:00','09:03:00'
'01082',BSL DR T F SPL ,3,CSN ,CHALISGAON JN  ,'09:50:00','09:52:00'
'01082',BSL DR T F SPL ,4,NK  ,NASIK ROAD     ,'11:20:00','11:25:00'
'01082',BSL DR T F SPL ,5,IGP ,IGATPURI       ,'13:25:00','13:30:00'
'01082',BSL DR T F SPL ,6,KYN ,KALYAN JN      ,'15:10:00','15:13:00'
'01082',BSL DR T F SPL ,7,TNA ,THANE          ,'15:33:00','15:35:00'
'01082',BSL DR T F SPL ,8,DR  ,DADAR          ,'16:20:00','00:00:00'
'01149',BSL CSN T F SPL,1,BSL ,BHUSAVAL JN    ,'00:00:00','18:35:00'
'01149',BSL CSN T F SPL,2,JL  ,JALGAON JN     ,'19:10:00','19:13:00'
'01149',BSL CSN T F SPL,3,PC  ,PACHORA JN     ,'19:43:00','19:45:00'
'01149',BSL CSN T F SPL,4,CSN ,CHALISGAON JN  ,'21:30:00','00:00:00'
'01150',CSN BSL T F SPL,1,CSN ,CHALISGAON JN  ,'00:00:00','21:50:00'
'01150',CSN BSL T F SPL,2,PC  ,PACHORA JN     ,'22:20:00','22:35:00'
'01150',CSN BSL T F SPL,3,JL  ,JALGAON JN     ,'23:07:00','23:10:00'
'01150',CSN BSL T F SPL,4,BSL ,BHUSAVAL JN    ,'23:35:00','00:00:00'
'01151',CSN DHI T F SPL,1,CSN ,CHALISGAON JN  ,'00:00:00','21:55:00'
'01151',CSN DHI T F SPL,2,JMD ,JAMDHA         ,'22:09:00','22:10:00'
'01151',CSN DHI T F SPL,3,SHF ,SHIRUD         ,'22:33:00','22:35:00'
'01151',CSN DHI T F SPL,4,DHI ,DHULE          ,'23:05:00','00:00:00'
'01152',DHI CSN T F SPL,1,DHI ,DHULE          ,'00:00:00','05:20:00'
'01152',DHI CSN T F SPL,2,SHF ,SHIRUD         ,'05:45:00','05:47:00'
'01152',DHI CSN T F SPL,3,JMD ,JAMDHA         ,'06:08:00','06:30:00'
'01152',DHI CSN T F SPL,4,CSN ,CHALISGAON JN  ,'06:50:00','00:00:00'
'01153',CSN CSTM T F SP,1,CSN ,CHALISGAON JN  ,'00:00:00','07:45:00'
'01153',CSN CSTM T F SP,2,NGN ,NANDGAON       ,'08:16:00','08:17:00'
'01153',CSN CSTM T F SP,3,MMR ,MANMAD JN      ,'08:50:00','09:00:00'
'01153',CSN CSTM T F SP,4,LS  ,LASALGAON      ,'09:18:00','09:19:00'
'01153',CSN CSTM T F SP,5,NK  ,NASIK ROAD     ,'09:52:00','09:55:00'
'01153',CSN CSTM T F SP,6,DVL ,DEVLALI        ,'10:01:00','10:03:00'
'01153',CSN CSTM T F SP,7,IGP ,IGATPURI       ,'11:10:00','11:15:00'
'01153',CSN CSTM T F SP,8,KSRA,KASARA         ,'11:44:00','11:45:00'
'01153',CSN CSTM T F SP,9,KYN ,KALYAN JN      ,'12:45:00','12:48:00'
'01153',CSN CSTM T F SP,10,TNA ,THANE          ,'13:09:00','13:11:00'
'01153',CSN CSTM T F SP,11,DR  ,DADAR          ,'13:34:00','13:35:00'
'01153',CSN CSTM T F SP,12,CSTM,MUMBAI CST     ,'13:45:00','00:00:00'
'01154',CSTM CSN T F SP,1,CSTM,MUMBAI CST     ,'00:00:00','15:35:00'
'01154',CSTM CSN T F SP,2,DR  ,DADAR          ,'15:49:00','15:52:00'
'01154',CSTM CSN T F SP,3,TNA ,THANE          ,'16:19:00','16:21:00'
'01154',CSTM CSN T F SP,4,KYN ,KALYAN JN      ,'16:42:00','16:45:00'
'01154',CSTM CSN T F SP,5,KSRA,KASARA         ,'17:55:00','18:00:00'
'01154',CSTM CSN T F SP,6,IGP ,IGATPURI       ,'18:25:00','18:30:00'
'01154',CSTM CSN T F SP,7,DVL ,DEVLALI        ,'19:03:00','19:05:00'
'01154',CSTM CSN T F SP,8,NK  ,NASIK ROAD     ,'19:11:00','19:14:00'
'01154',CSTM CSN T F SP,9,LS  ,LASALGAON      ,'19:47:00','19:48:00'
'01154',CSTM CSN T F SP,10,MMR ,MANMAD JN      ,'20:05:00','20:15:00'
'01154',CSTM CSN T F SP,11,NGN ,NANDGAON       ,'20:33:00','20:34:00'
'01154',CSTM CSN T F SP,12,CSN ,CHALISGAON JN  ,'21:10:00','00:00:00'
'01156',PVR NAVI KMN SP,1,JM  ,JALAMB JN      ,'07:40:00','08:20:00'
'01156',PVR NAVI KMN SP,1,PVR ,PANDHARPUR     ,'00:00:00','16:00:00'
'01156',PVR NAVI KMN SP,2,KMN ,KHAMGAON       ,'08:40:00','00:00:00'
'01156',PVR NAVI KMN SP,2,KWV ,KURDUVADI      ,'17:10:00','17:35:00'
'01156',PVR NAVI KMN SP,3,JEUR,JEUR           ,'18:08:00','18:10:00'
'01156',PVR NAVI KMN SP,4,BGVN,BHIGWAN        ,'19:05:00','19:07:00'
'01156',PVR NAVI KMN SP,5,DD  ,DAUND JN       ,'20:10:00','20:20:00'
'01156',PVR NAVI KMN SP,6,ANG ,AHMADNAGAR     ,'21:55:00','22:00:00'
'01156',PVR NAVI KMN SP,7,BAP ,BELAPUR        ,'23:00:00','23:03:00'
'01156',PVR NAVI KMN SP,8,KPG ,KOPARGAON      ,'00:10:00','00:13:00'
'01156',PVR NAVI KMN SP,9,MMR ,MANMAD JN      ,'01:20:00','01:45:00'
'01156',PVR NAVI KMN SP,10,NGN ,NANDGAON       ,'02:10:00','02:15:00'
'01156',PVR NAVI KMN SP,11,CSN ,CHALISGAON JN  ,'02:40:00','02:45:00'
'01156',PVR NAVI KMN SP,12,PC  ,PACHORA JN     ,'03:40:00','04:25:00'
'01156',PVR NAVI KMN SP,13,JL  ,JALGAON JN     ,'04:50:00','04:55:00'
'01156',PVR NAVI KMN SP,14,BSL ,BHUSAVAL JN    ,'05:30:00','05:50:00'
'01156',PVR NAVI KMN SP,15,BDWD,BODWAD         ,'06:25:00','06:30:00'
'01156',PVR NAVI KMN SP,16,MKU ,MALKAPUR       ,'06:45:00','06:50:00'
'01156',PVR NAVI KMN SP,17,NN  ,NANDURA        ,'07:15:00','07:20:00'
'01156',PVR NAVI KMN SP,18,JM  ,JALAMB JN      ,'07:40:00','08:00:00'
'01156',PVR NAVI KMN SP,19,SEG ,SHEGAON        ,'08:10:00','08:15:00'
'01156',PVR NAVI KMN SP,20,AK  ,AKOLA JN       ,'08:45:00','08:50:00'
'01156',PVR NAVI KMN SP,21,MZR ,MURTAJAPUR     ,'09:25:00','09:30:00'
'01156',PVR NAVI KMN SP,22,BD  ,BADNERA JN     ,'10:10:00','10:15:00'
'01156',PVR NAVI KMN SP,23,NAVI,NEW AMRAVATI   ,'10:40:00','00:00:00'
'01401',NGP TTKL FARE S,1,SUR ,SOLAPUR JN     ,'00:00:00','15:20:00'
'01401',NGP TTKL FARE S,2,MO  ,MOHOL          ,'15:49:00','15:50:00'
'01401',NGP TTKL FARE S,3,MA  ,MADHA          ,'16:15:00','16:16:00'
'01401',NGP TTKL FARE S,4,KWV ,KURDUVADI      ,'16:30:00','16:50:00'
'01401',NGP TTKL FARE S,5,BTW ,BARSI TOWN     ,'17:35:00','17:37:00'
'01401',NGP TTKL FARE S,6,UMD ,USMANABAD      ,'18:15:00','18:18:00'
'01401',NGP TTKL FARE S,7,LUR ,LATUR          ,'19:50:00','20:00:00'
'01401',NGP TTKL FARE S,8,LTRR,LATUR ROAD     ,'20:30:00','20:55:00'
'01401',NGP TTKL FARE S,9,PRLI,PARLI VAIJNATH ,'22:40:00','23:05:00'
'01401',NGP TTKL FARE S,10,PBN ,PARBHANI JN    ,'01:00:00','01:05:00'
'01401',NGP TTKL FARE S,11,PAU ,PURNA JN       ,'01:35:00','01:45:00'
'01401',NGP TTKL FARE S,12,HNL ,HINGOLI DECCAN ,'04:00:00','04:01:00'
'01401',NGP TTKL FARE S,13,WHM ,WASHIM         ,'04:50:00','04:51:00'
'01401',NGP TTKL FARE S,14,AK  ,AKOLA JN       ,'07:40:00','07:55:00'
'01401',NGP TTKL FARE S,15,MZR ,MURTAJAPUR     ,'08:22:00','08:25:00'
'01401',NGP TTKL FARE S,16,BD  ,BADNERA JN     ,'09:15:00','09:20:00'
'01401',NGP TTKL FARE S,17,CND ,CHANDUR        ,'09:40:00','09:41:00'
'01401',NGP TTKL FARE S,18,DMN ,DHAMANGAON     ,'09:54:00','09:56:00'
'01401',NGP TTKL FARE S,19,PLO ,PULGAON JN     ,'10:10:00','10:11:00'
'01401',NGP TTKL FARE S,20,WR  ,WARDHA JN      ,'10:42:00','10:45:00'
'01401',NGP TTKL FARE S,21,NGP ,NAGPUR         ,'12:35:00','00:00:00'
'01402',NGP SUR T F SPL,1,NGP ,NAGPUR         ,'00:00:00','15:00:00'
'01402',NGP SUR T F SPL,2,WR  ,WARDHA JN      ,'16:06:00','16:09:00'
'01402',NGP SUR T F SPL,3,PLO ,PULGAON JN     ,'16:35:00','16:36:00'
'01402',NGP SUR T F SPL,4,DMN ,DHAMANGAON     ,'16:53:00','16:54:00'
'01402',NGP SUR T F SPL,5,CND ,CHANDUR        ,'17:10:00','17:11:00'
'01402',NGP SUR T F SPL,6,BD  ,BADNERA JN     ,'18:40:00','18:45:00'
'01402',NGP SUR T F SPL,7,MZR ,MURTAJAPUR     ,'19:20:00','19:22:00'
'01402',NGP SUR T F SPL,8,AK  ,AKOLA JN       ,'20:25:00','20:45:00'
'01402',NGP SUR T F SPL,9,WHM ,WASHIM         ,'21:52:00','21:53:00'
'01402',NGP SUR T F SPL,10,HNL ,HINGOLI DECCAN ,'22:34:00','22:35:00'
'01402',NGP SUR T F SPL,11,PAU ,PURNA JN       ,'00:20:00','00:47:00'
'01402',NGP SUR T F SPL,12,PBN ,PARBHANI JN    ,'01:25:00','01:43:00'
'01402',NGP SUR T F SPL,13,PRLI,PARLI VAIJNATH ,'03:10:00','03:30:00'
'01402',NGP SUR T F SPL,14,LTRR,LATUR ROAD     ,'05:10:00','05:35:00'
'01402',NGP SUR T F SPL,15,LUR ,LATUR          ,'06:20:00','06:30:00'
'01402',NGP SUR T F SPL,16,UMD ,USMANABAD      ,'07:50:00','07:55:00'
'01402',NGP SUR T F SPL,17,BTW ,BARSI TOWN     ,'08:28:00','08:30:00'
'01402',NGP SUR T F SPL,18,KWV ,KURDUVADI      ,'09:40:00','09:55:00'
'01402',NGP SUR T F SPL,19,MA  ,MADHA          ,'10:10:00','10:11:00'
'01402',NGP SUR T F SPL,20,MO  ,MOHOL          ,'10:35:00','10:36:00'
'01402',NGP SUR T F SPL,21,SUR ,SOLAPUR JN     ,'11:35:00','00:00:00'
'01419',PAU TTKL FARE S,1,KOP ,C SHAHUMHARAJ T,'00:00:00','15:45:00'
'01419',PAU TTKL FARE S,2,RKD ,RUKADI         ,'15:55:00','15:56:00'
'01419',PAU TTKL FARE S,3,HTK ,HATKANAGALE    ,'16:06:00','16:07:00'
'01419',PAU TTKL FARE S,4,MRJ ,MIRAJ JN       ,'16:50:00','17:05:00'
'01419',PAU TTKL FARE S,5,KVK ,KAVATHE MAHANKL,'17:55:00','17:56:00'
'01419',PAU TTKL FARE S,6,DLGN,DHALGAON       ,'18:10:00','18:11:00'
'01419',PAU TTKL FARE S,7,SGLA,SANGOLA        ,'18:43:00','18:45:00'
'01419',PAU TTKL FARE S,8,PVR ,PANDHARPUR     ,'19:10:00','19:15:00'
'01419',PAU TTKL FARE S,9,MLB ,MODNIMB        ,'19:46:00','19:47:00'
'01419',PAU TTKL FARE S,10,KWV ,KURDUVADI      ,'20:15:00','20:25:00'
'01419',PAU TTKL FARE S,11,BTW ,BARSI TOWN     ,'21:02:00','21:04:00'
'01419',PAU TTKL FARE S,12,UMD ,USMANABAD      ,'21:43:00','21:46:00'
'01419',PAU TTKL FARE S,13,LUR ,LATUR          ,'23:05:00','23:10:00'
'01419',PAU TTKL FARE S,14,LTRR,LATUR ROAD     ,'00:50:00','01:15:00'
'01419',PAU TTKL FARE S,15,PNF ,PANGAON        ,'01:50:00','01:52:00'
'01419',PAU TTKL FARE S,16,PRLI,PARLI VAIJNATH ,'03:40:00','04:10:00'
'01419',PAU TTKL FARE S,17,GNH ,GANGAKHER      ,'04:24:00','04:26:00'
'01419',PAU TTKL FARE S,18,PBN ,PARBHANI JN    ,'05:10:00','05:15:00'
'01419',PAU TTKL FARE S,19,PAU ,PURNA JN       ,'06:15:00','00:00:00'
'01420',PAU KOP SPL    ,1,PAU ,PURNA JN       ,'00:00:00','09:20:00'
'01420',PAU KOP SPL    ,2,PBN ,PARBHANI JN    ,'09:56:00','10:00:00'
'01420',PAU KOP SPL    ,3,GNH ,GANGAKHER      ,'10:34:00','10:36:00'
'01420',PAU KOP SPL    ,4,PRLI,PARLI VAIJNATH ,'11:10:00','11:30:00'
'01420',PAU KOP SPL    ,5,PNF ,PANGAON        ,'12:25:00','12:27:00'
'01420',PAU KOP SPL    ,6,LTRR,LATUR ROAD     ,'13:35:00','14:00:00'
'01420',PAU KOP SPL    ,7,LUR ,LATUR          ,'14:32:00','14:37:00'
'01420',PAU KOP SPL    ,8,UMD ,USMANABAD      ,'15:56:00','15:59:00'
'01420',PAU KOP SPL    ,9,BTW ,BARSI TOWN     ,'16:38:00','16:40:00'
'01420',PAU KOP SPL    ,10,KWV ,KURDUVADI      ,'17:35:00','17:45:00'
'01420',PAU KOP SPL    ,11,MLB ,MODNIMB        ,'18:08:00','18:09:00'
'01420',PAU KOP SPL    ,12,PVR ,PANDHARPUR     ,'18:40:00','18:45:00'
'01420',PAU KOP SPL    ,13,SGLA,SANGOLA        ,'19:11:00','19:13:00'
'01420',PAU KOP SPL    ,14,DLGN,DHALGAON       ,'19:49:00','19:50:00'
'01420',PAU KOP SPL    ,15,KVK ,KAVATHE MAHANKL,'20:05:00','20:06:00'
'01420',PAU KOP SPL    ,16,MRJ ,MIRAJ JN       ,'22:20:00','22:45:00'
'01420',PAU KOP SPL    ,17,HTK ,HATKANAGALE    ,'23:17:00','23:18:00'
'01420',PAU KOP SPL    ,18,RKD ,RUKADI         ,'23:25:00','23:26:00'
'01420',PAU KOP SPL    ,19,KOP ,C SHAHUMHARAJ T,'00:35:00','00:00:00'
'01427',PVR TTKL FAREPA,1,MRJ ,MIRAJ JN       ,'00:00:00','14:40:00'
'01427',PVR TTKL FAREPA,2,ARAG,ARAG           ,'15:01:00','15:02:00'
'01427',PVR TTKL FAREPA,3,SGRE,SULGARE        ,'15:18:00','15:19:00'
'01427',PVR TTKL FAREPA,4,KVK ,KAVATHE MAHANKL,'15:28:00','15:29:00'
'01427',PVR TTKL FAREPA,5,DLGN,DHALGAON       ,'15:40:00','15:42:00'
'01427',PVR TTKL FAREPA,6,JTRD,JATH ROAD      ,'15:53:00','15:54:00'
'01427',PVR TTKL FAREPA,7,SGLA,SANGOLA        ,'16:12:00','16:14:00'
'01427',PVR TTKL FAREPA,8,PVR ,PANDHARPUR     ,'17:25:00','00:00:00'
'01428',MRJ TKL FARE PA,1,PVR ,PANDHARPUR     ,'00:00:00','10:10:00'
'01428',MRJ TKL FARE PA,2,SGLA,SANGOLA        ,'10:36:00','10:38:00'
'01428',MRJ TKL FARE PA,3,JTRD,JATH ROAD      ,'11:00:00','11:01:00'
'01428',MRJ TKL FARE PA,4,DLGN,DHALGAON       ,'11:14:00','11:16:00'
'01428',MRJ TKL FARE PA,5,KVK ,KAVATHE MAHANKL,'11:28:00','11:30:00'
'01428',MRJ TKL FARE PA,6,SGRE,SULGARE        ,'11:38:00','11:40:00'
'01428',MRJ TKL FARE PA,7,ARAG,ARAG           ,'11:53:00','11:55:00'
'01428',MRJ TKL FARE PA,8,MRJ ,MIRAJ JN       ,'13:30:00','00:00:00'
'01655',PUNE JBP SUP SP,1,PUNE,PUNE JN        ,'00:00:00','10:45:00'
'01655',PUNE JBP SUP SP,2,DD  ,DAUND JN       ,'12:05:00','12:15:00'
'01655',PUNE JBP SUP SP,3,ANG ,AHMADNAGAR     ,'13:58:00','14:00:00'
'01655',PUNE JBP SUP SP,4,KPG ,KOPARGAON      ,'15:58:00','16:00:00'
'01655',PUNE JBP SUP SP,5,MMR ,MANMAD JN      ,'17:20:00','17:25:00'
'01655',PUNE JBP SUP SP,6,BSL ,BHUSAVAL JN    ,'20:10:00','20:20:00'
'01655',PUNE JBP SUP SP,7,KNW ,KHANDWA        ,'23:40:00','23:45:00'
'01655',PUNE JBP SUP SP,8,HD  ,HARDA          ,'00:55:00','00:57:00'
'01655',PUNE JBP SUP SP,9,ET  ,ITARSI JN      ,'02:20:00','02:30:00'
'01655',PUNE JBP SUP SP,10,PPI ,PIPARIYA       ,'03:18:00','03:20:00'
'01655',PUNE JBP SUP SP,11,NU  ,NARSINGHPUR    ,'04:38:00','04:40:00'
'01655',PUNE JBP SUP SP,12,MML ,MADAN MAHAL    ,'06:07:00','06:09:00'
'01655',PUNE JBP SUP SP,13,JBP ,JABALPUR       ,'06:15:00','00:00:00'
'01656',JBP PUNE SPECIA,1,JBP ,JABALPUR       ,'00:00:00','09:00:00'
'01656',JBP PUNE SPECIA,2,MML ,MADAN MAHAL    ,'09:06:00','09:08:00'
'01656',JBP PUNE SPECIA,3,NU  ,NARSINGHPUR    ,'10:13:00','10:15:00'
'01656',JBP PUNE SPECIA,4,PPI ,PIPARIYA       ,'11:23:00','11:25:00'
'01656',JBP PUNE SPECIA,5,ET  ,ITARSI JN      ,'12:45:00','12:55:00'
'01656',JBP PUNE SPECIA,6,HD  ,HARDA          ,'13:45:00','13:47:00'
'01656',JBP PUNE SPECIA,7,KNW ,KHANDWA        ,'15:20:00','15:25:00'
'01656',JBP PUNE SPECIA,8,BSL ,BHUSAVAL JN    ,'16:50:00','17:00:00'
'01656',JBP PUNE SPECIA,9,MMR ,MANMAD JN      ,'19:45:00','19:50:00'
'01656',JBP PUNE SPECIA,10,KPG ,KOPARGAON      ,'20:53:00','20:55:00'
'01656',JBP PUNE SPECIA,11,ANG ,AHMADNAGAR     ,'22:57:00','23:00:00'
'01656',JBP PUNE SPECIA,12,DD  ,DAUND JN       ,'01:55:00','02:10:00'
'01656',JBP PUNE SPECIA,13,PUNE,PUNE JN        ,'04:05:00','00:00:00'
'01711',CSTM JBP SPL   ,1,CSTM,MUMBAI CST     ,'00:00:00','11:05:00'
'01711',CSTM JBP SPL   ,2,DR  ,DADAR          ,'11:17:00','11:20:00'
'01711',CSTM JBP SPL   ,3,KYN ,KALYAN JN      ,'11:57:00','12:00:00'
'01711',CSTM JBP SPL   ,4,IGP ,IGATPURI       ,'14:00:00','14:15:00'
'01711',CSTM JBP SPL   ,5,NK  ,NASIK ROAD     ,'15:05:00','15:10:00'
'01711',CSTM JBP SPL   ,6,MMR ,MANMAD JN      ,'16:18:00','16:20:00'
'01711',CSTM JBP SPL   ,7,BSL ,BHUSAVAL JN    ,'18:30:00','18:45:00'
'01711',CSTM JBP SPL   ,8,KNW ,KHANDWA        ,'22:14:00','22:15:00'
'01711',CSTM JBP SPL   ,9,HD  ,HARDA          ,'23:30:00','23:32:00'
'01711',CSTM JBP SPL   ,10,ET  ,ITARSI JN      ,'01:50:00','02:00:00'
'01711',CSTM JBP SPL   ,11,PPI ,PIPARIYA       ,'02:55:00','02:57:00'
'01711',CSTM JBP SPL   ,12,GAR ,GADARWARA      ,'03:30:00','03:32:00'
'01711',CSTM JBP SPL   ,13,NU  ,NARSINGHPUR    ,'04:00:00','04:02:00'
'01711',CSTM JBP SPL   ,14,MML ,MADAN MAHAL    ,'05:00:00','05:02:00'
'01711',CSTM JBP SPL   ,15,JBP ,JABALPUR       ,'05:10:00','00:00:00'
'01712',JBP LTT SUP SPL,1,JBP ,JABALPUR       ,'00:00:00','22:15:00'
'01712',JBP LTT SUP SPL,2,MML ,MADAN MAHAL    ,'22:21:00','22:23:00'
'01712',JBP LTT SUP SPL,3,NU  ,NARSINGHPUR    ,'23:28:00','23:30:00'
'01712',JBP LTT SUP SPL,4,GAR ,GADARWARA      ,'00:02:00','00:04:00'
'01712',JBP LTT SUP SPL,5,PPI ,PIPARIYA       ,'00:35:00','00:37:00'
'01712',JBP LTT SUP SPL,6,ET  ,ITARSI JN      ,'02:10:00','02:20:00'
'01712',JBP LTT SUP SPL,7,HD  ,HARDA          ,'03:08:00','03:10:00'
'01712',JBP LTT SUP SPL,8,KNW ,KHANDWA        ,'05:15:00','05:20:00'
'01712',JBP LTT SUP SPL,9,BSL ,BHUSAVAL JN    ,'06:50:00','07:00:00'
'01712',JBP LTT SUP SPL,10,JL  ,JALGAON JN     ,'07:25:00','07:28:00'
'01712',JBP LTT SUP SPL,11,MMR ,MANMAD JN      ,'09:10:00','09:13:00'
'01712',JBP LTT SUP SPL,12,NK  ,NASIK ROAD     ,'10:10:00','10:13:00'
'01712',JBP LTT SUP SPL,13,IGP ,IGATPURI       ,'11:30:00','11:40:00'
'01712',JBP LTT SUP SPL,14,KYN ,KALYAN JN      ,'13:55:00','13:58:00'
'01712',JBP LTT SUP SPL,15,TNA ,THANE          ,'14:15:00','14:18:00'
'01712',JBP LTT SUP SPL,16,LTT ,LOKMANYATILAK T,'14:50:00','00:00:00'
'01713',LTT HBJ SUP SPL,1,LTT ,LOKMANYATILAK T,'00:00:00','16:40:00'
'01713',LTT HBJ SUP SPL,2,TNA ,THANE          ,'16:58:00','17:00:00'
'01713',LTT HBJ SUP SPL,3,KYN ,KALYAN JN      ,'17:17:00','17:20:00'
'01713',LTT HBJ SUP SPL,4,IGP ,IGATPURI       ,'20:00:00','20:05:00'
'01713',LTT HBJ SUP SPL,5,NK  ,NASIK ROAD     ,'20:40:00','20:45:00'
'01713',LTT HBJ SUP SPL,6,BSL ,BHUSAVAL JN    ,'23:55:00','00:05:00'
'01713',LTT HBJ SUP SPL,7,KNW ,KHANDWA        ,'02:30:00','02:35:00'
'01713',LTT HBJ SUP SPL,8,HD  ,HARDA          ,'03:45:00','03:47:00'
'01713',LTT HBJ SUP SPL,9,ET  ,ITARSI JN      ,'05:25:00','05:30:00'
'01713',LTT HBJ SUP SPL,10,HBD ,HOSHANGABAD    ,'05:46:00','05:48:00'
'01713',LTT HBJ SUP SPL,11,HBJ ,HABIBGANJ      ,'07:20:00','00:00:00'
'01714',HBJ CSTM SUP SP,1,HBJ ,HABIBGANJ      ,'00:00:00','15:20:00'
'01714',HBJ CSTM SUP SP,2,HBD ,HOSHANGABAD    ,'16:30:00','16:32:00'
'01714',HBJ CSTM SUP SP,3,ET  ,ITARSI JN      ,'17:10:00','17:20:00'
'01714',HBJ CSTM SUP SP,4,HD  ,HARDA          ,'18:30:00','18:32:00'
'01714',HBJ CSTM SUP SP,5,KNW ,KHANDWA        ,'20:03:00','20:05:00'
'01714',HBJ CSTM SUP SP,6,BSL ,BHUSAVAL JN    ,'21:40:00','21:50:00'
'01714',HBJ CSTM SUP SP,7,JL  ,JALGAON JN     ,'22:08:00','22:10:00'
'01714',HBJ CSTM SUP SP,8,NK  ,NASIK ROAD     ,'00:55:00','01:00:00'
'01714',HBJ CSTM SUP SP,9,IGP ,IGATPURI       ,'02:20:00','02:35:00'
'01714',HBJ CSTM SUP SP,10,KYN ,KALYAN JN      ,'04:55:00','04:58:00'
'01714',HBJ CSTM SUP SP,11,TNA ,THANE          ,'05:20:00','05:23:00'
'01714',HBJ CSTM SUP SP,12,DR  ,DADAR          ,'05:45:00','05:48:00'
'01714',HBJ CSTM SUP SP,13,CSTM,MUMBAI CST     ,'06:15:00','00:00:00'
'02111',LTT LKO AC SPL ,1,LTT ,LOKMANYATILAK T,'00:00:00','14:20:00'
'02111',LTT LKO AC SPL ,2,TNA ,THANE          ,'14:43:00','14:45:00'
'02111',LTT LKO AC SPL ,3,KYN ,KALYAN JN      ,'15:05:00','15:07:00'
'02111',LTT LKO AC SPL ,4,NK  ,NASIK ROAD     ,'17:27:00','17:30:00'
'02111',LTT LKO AC SPL ,5,JL  ,JALGAON JN     ,'19:53:00','19:55:00'
'02111',LTT LKO AC SPL ,6,BSL ,BHUSAVAL JN    ,'20:20:00','20:30:00'
'02111',LTT LKO AC SPL ,7,KNW ,KHANDWA        ,'22:58:00','23:00:00'
'02111',LTT LKO AC SPL ,8,HBJ ,HABIBGANJ      ,'03:18:00','03:20:00'
'02111',LTT LKO AC SPL ,9,BINA,BINA JN        ,'05:33:00','05:35:00'
'02111',LTT LKO AC SPL ,10,JHS ,JHANSI JN      ,'07:25:00','07:35:00'
'02111',LTT LKO AC SPL ,11,ORAI,ORAI           ,'08:53:00','08:55:00'
'02111',LTT LKO AC SPL ,12,CNB ,KANPUR CENTRAL ,'11:45:00','12:05:00'
'02111',LTT LKO AC SPL ,13,LKO ,LUCKNOW NR     ,'13:35:00','00:00:00'
'02112',LKO  LTT AC SPL,1,LKO ,LUCKNOW NR     ,'00:00:00','16:20:00'
'02112',LKO  LTT AC SPL,2,CNB ,KANPUR CENTRAL ,'17:55:00','18:05:00'
'02112',LKO  LTT AC SPL,3,ORAI,ORAI           ,'19:33:00','19:35:00'
'02112',LKO  LTT AC SPL,4,JHS ,JHANSI JN      ,'21:45:00','21:55:00'
'02112',LKO  LTT AC SPL,5,HBJ ,HABIBGANJ      ,'03:58:00','04:00:00'
'02112',LKO  LTT AC SPL,6,BSL ,BHUSAVAL JN    ,'10:20:00','10:30:00'
'02112',LKO  LTT AC SPL,7,JL  ,JALGAON JN     ,'10:53:00','10:55:00'
'02112',LKO  LTT AC SPL,8,NK  ,NASIK ROAD     ,'13:27:00','13:30:00'
'02112',LKO  LTT AC SPL,9,KYN ,KALYAN JN      ,'16:17:00','16:20:00'
'02112',LKO  LTT AC SPL,10,TNA ,THANE          ,'16:43:00','16:45:00'
'02112',LKO  LTT AC SPL,11,LTT ,LOKMANYATILAK T,'17:30:00','00:00:00'
'02509',BNC KYQ SUVIDHA,1,BNC ,BANGALORE CANT ,'00:00:00','10:15:00'
'02509',BNC KYQ SUVIDHA,2,KPD ,KATPADI JN     ,'13:45:00','13:47:00'
'02509',BNC KYQ SUVIDHA,3,MAS ,CHENNAI CENTRAL,'15:55:00','16:25:00'
'02509',BNC KYQ SUVIDHA,4,BZA ,VIJAYAWADA JN  ,'23:45:00','23:55:00'
'02509',BNC KYQ SUVIDHA,5,DVD ,DUVVADA        ,'04:40:00','04:42:00'
'02509',BNC KYQ SUVIDHA,6,VZM ,VIZIANAGRAM JN ,'06:05:00','06:20:00'
'02509',BNC KYQ SUVIDHA,7,KUR ,KHURDA ROAD JN ,'11:10:00','11:25:00'
'02509',BNC KYQ SUVIDHA,8,BBS ,BHUBANESWAR    ,'11:45:00','11:50:00'
'02509',BNC KYQ SUVIDHA,9,BHC ,BHADRAK        ,'14:19:00','14:20:00'
'02509',BNC KYQ SUVIDHA,10,KGP ,KHARAGPUR JN   ,'16:35:00','16:37:00'
'02509',BNC KYQ SUVIDHA,11,HWH ,HOWRAH JN      ,'18:30:00','18:50:00'
'02509',BNC KYQ SUVIDHA,12,RPH ,RAMPUR HAT     ,'21:46:00','21:48:00'
'02509',BNC KYQ SUVIDHA,13,MLDT,MALDA TOWN     ,'00:30:00','00:40:00'
'02509',BNC KYQ SUVIDHA,14,KNE ,KISHANGANJ     ,'02:27:00','02:29:00'
'02509',BNC KYQ SUVIDHA,15,NJP ,NEW JALPAIGURI ,'04:15:00','04:25:00'
'02509',BNC KYQ SUVIDHA,16,NBQ ,NEW BONGAIGAON ,'08:20:00','08:22:00'
'02509',BNC KYQ SUVIDHA,17,KYQ ,KAMAKHYA       ,'11:25:00','00:00:00'
'02510',KYQ BNC SUVIDHA,1,KYQ ,KAMAKHYA       ,'00:00:00','20:30:00'
'02510',KYQ BNC SUVIDHA,2,GLPT,GOALPARA TOWN  ,'22:00:00','22:01:00'
'02510',KYQ BNC SUVIDHA,3,NBQ ,NEW BONGAIGAON ,'23:00:00','23:02:00'
'02510',KYQ BNC SUVIDHA,4,NJP ,NEW JALPAIGURI ,'02:35:00','02:45:00'
'02510',KYQ BNC SUVIDHA,5,KNE ,KISHANGANJ     ,'03:49:00','03:51:00'
'02510',KYQ BNC SUVIDHA,6,MLDT,MALDA TOWN     ,'06:40:00','06:50:00'
'02510',KYQ BNC SUVIDHA,7,RPH ,RAMPUR HAT     ,'09:10:00','09:12:00'
'02510',KYQ BNC SUVIDHA,8,HWH ,HOWRAH JN      ,'12:20:00','12:40:00'
'02510',KYQ BNC SUVIDHA,9,KGP ,KHARAGPUR JN   ,'14:25:00','14:27:00'
'02510',KYQ BNC SUVIDHA,10,BHC ,BHADRAK        ,'17:30:00','17:31:00'
'02510',KYQ BNC SUVIDHA,11,BBS ,BHUBANESWAR    ,'19:10:00','19:15:00'
'02510',KYQ BNC SUVIDHA,12,KUR ,KHURDA ROAD JN ,'19:50:00','20:00:00'
'02510',KYQ BNC SUVIDHA,13,PSA ,PALASA         ,'23:09:00','23:10:00'
'02510',KYQ BNC SUVIDHA,14,VZM ,VIZIANAGRAM JN ,'00:50:00','01:00:00'
'02510',KYQ BNC SUVIDHA,15,DVD ,DUVVADA        ,'03:03:00','03:05:00'
'02510',KYQ BNC SUVIDHA,16,BZA ,VIJAYAWADA JN  ,'07:50:00','08:00:00'
'02510',KYQ BNC SUVIDHA,17,MAS ,CHENNAI CENTRAL,'14:50:00','15:15:00'
'02510',KYQ BNC SUVIDHA,18,KPD ,KATPADI JN     ,'17:15:00','17:17:00'
'02510',KYQ BNC SUVIDHA,19,BNC ,BANGALORE CANT ,'21:15:00','00:00:00'
'02511',KYQ KUMBH SPL  ,1,PUNE,PUNE JN        ,'00:00:00','10:30:00'
'02511',KYQ KUMBH SPL  ,2,PNVL,PANVEL         ,'13:00:00','13:05:00'
'02511',KYQ KUMBH SPL  ,3,NK  ,NASIK ROAD     ,'16:27:00','16:32:00'
'02511',KYQ KUMBH SPL  ,4,NGP ,NAGPUR         ,'01:20:00','01:30:00'
'02511',KYQ KUMBH SPL  ,5,G   ,GONDIA JN      ,'03:51:00','03:53:00'
'02511',KYQ KUMBH SPL  ,6,DURG,DURG           ,'06:35:00','06:40:00'
'02511',KYQ KUMBH SPL  ,7,R   ,RAIPUR JN      ,'07:35:00','07:45:00'
'02511',KYQ KUMBH SPL  ,8,BSP ,BILASPUR JN    ,'09:45:00','09:55:00'
'02511',KYQ KUMBH SPL  ,9,JSG ,JHARSUGUDA JN  ,'13:30:00','13:35:00'
'02511',KYQ KUMBH SPL  ,10,ROU ,ROURKELA       ,'14:50:00','15:05:00'
'02511',KYQ KUMBH SPL  ,11,CKP ,CHAKRADHARPUR  ,'16:30:00','16:35:00'
'02511',KYQ KUMBH SPL  ,12,PRR ,PURULIA JN     ,'18:20:00','18:22:00'
'02511',KYQ KUMBH SPL  ,13,JOC ,JOYCHANDI PAHAR,'19:10:00','19:12:00'
'02511',KYQ KUMBH SPL  ,14,ASN ,ASANSOL JN     ,'20:10:00','20:20:00'
'02511',KYQ KUMBH SPL  ,15,UDL ,ANDAL JN       ,'21:35:00','22:05:00'
'02511',KYQ KUMBH SPL  ,16,RPH ,RAMPUR HAT     ,'00:38:00','00:40:00'
'02511',KYQ KUMBH SPL  ,17,MLDT,MALDA TOWN     ,'04:00:00','04:10:00'
'02511',KYQ KUMBH SPL  ,18,KNE ,KISHANGANJ     ,'06:01:00','06:03:00'
'02511',KYQ KUMBH SPL  ,19,NJP ,NEW JALPAIGURI ,'07:45:00','08:00:00'
'02511',KYQ KUMBH SPL  ,20,RQJ ,RNINGR JLPAIGRI,'08:29:00','08:30:00'
'02511',KYQ KUMBH SPL  ,21,NCB ,NEW COOCH BEHAR,'09:50:00','09:52:00'
'02511',KYQ KUMBH SPL  ,22,NOQ ,NEW ALIPURDUAR ,'10:25:00','10:27:00'
'02511',KYQ KUMBH SPL  ,23,NBQ ,NEW BONGAIGAON ,'12:35:00','12:37:00'
'02511',KYQ KUMBH SPL  ,24,GLPT,GOALPARA TOWN  ,'13:18:00','13:20:00'
'02511',KYQ KUMBH SPL  ,25,KYQ ,KAMAKHYA       ,'15:25:00','00:00:00'
'02512',KYQ PUNE SPECIA,1,KYQ ,KAMAKHYA       ,'00:00:00','22:05:00'
'02512',KYQ PUNE SPECIA,2,GLPT,GOALPARA TOWN  ,'23:32:00','23:34:00'
'02512',KYQ PUNE SPECIA,3,NBQ ,NEW BONGAIGAON ,'00:38:00','00:40:00'
'02512',KYQ PUNE SPECIA,4,NOQ ,NEW ALIPURDUAR ,'01:56:00','01:58:00'
'02512',KYQ PUNE SPECIA,5,NCB ,NEW COOCH BEHAR,'02:23:00','02:25:00'
'02512',KYQ PUNE SPECIA,6,RQJ ,RNINGR JLPAIGRI,'04:25:00','04:26:00'
'02512',KYQ PUNE SPECIA,7,NJP ,NEW JALPAIGURI ,'05:30:00','05:50:00'
'02512',KYQ PUNE SPECIA,8,KNE ,KISHANGANJ     ,'07:16:00','07:18:00'
'02512',KYQ PUNE SPECIA,9,MLDT,MALDA TOWN     ,'11:05:00','11:10:00'
'02512',KYQ PUNE SPECIA,10,RPH ,RAMPUR HAT     ,'13:28:00','13:30:00'
'02512',KYQ PUNE SPECIA,11,UDL ,ANDAL JN       ,'16:40:00','17:05:00'
'02512',KYQ PUNE SPECIA,12,ASN ,ASANSOL JN     ,'17:30:00','17:40:00'
'02512',KYQ PUNE SPECIA,13,JOC ,JOYCHANDI PAHAR,'18:35:00','18:40:00'
'02512',KYQ PUNE SPECIA,14,PRR ,PURULIA JN     ,'19:20:00','19:22:00'
'02512',KYQ PUNE SPECIA,15,CKP ,CHAKRADHARPUR  ,'21:00:00','21:05:00'
'02512',KYQ PUNE SPECIA,16,ROU ,ROURKELA       ,'22:40:00','22:45:00'
'02512',KYQ PUNE SPECIA,17,JSG ,JHARSUGUDA JN  ,'00:13:00','00:15:00'
'02512',KYQ PUNE SPECIA,18,BSP ,BILASPUR JN    ,'03:15:00','03:30:00'
'02512',KYQ PUNE SPECIA,19,R   ,RAIPUR JN      ,'05:10:00','05:20:00'
'02512',KYQ PUNE SPECIA,20,DURG,DURG           ,'06:15:00','06:20:00'
'02512',KYQ PUNE SPECIA,21,G   ,GONDIA JN      ,'08:30:00','08:35:00'
'02512',KYQ PUNE SPECIA,22,NGP ,NAGPUR         ,'11:15:00','11:25:00'
'02512',KYQ PUNE SPECIA,23,NK  ,NASIK ROAD     ,'19:25:00','19:30:00'
'02512',KYQ PUNE SPECIA,24,PNVL,PANVEL         ,'23:35:00','23:40:00'
'02512',KYQ PUNE SPECIA,25,PUNE,PUNE JN        ,'02:45:00','00:00:00'
'02590',GORAKHPUR  SPL ,1,SC  ,SECUNDERABAD JN,'00:00:00','21:40:00'
'02590',GORAKHPUR  SPL ,2,KZJ ,KAZIPET JN     ,'23:57:00','23:59:00'
'02590',GORAKHPUR  SPL ,3,BPQ ,BALHARSHAH     ,'04:10:00','04:20:00'
'02590',GORAKHPUR  SPL ,4,NGP ,NAGPUR         ,'07:35:00','07:45:00'
'02590',GORAKHPUR  SPL ,5,ET  ,ITARSI JN      ,'13:10:00','13:20:00'
'02590',GORAKHPUR  SPL ,6,HBJ ,HABIBGANJ      ,'14:40:00','14:45:00'
'02590',GORAKHPUR  SPL ,7,JHS ,JHANSI JN      ,'19:20:00','19:30:00'
'02590',GORAKHPUR  SPL ,8,CNB ,KANPUR CENTRAL ,'01:00:00','01:10:00'
'02590',GORAKHPUR  SPL ,9,LJN ,LUCKNOW NE     ,'02:25:00','02:35:00'
'02590',GORAKHPUR  SPL ,10,GD  ,GONDA JN       ,'05:05:00','05:10:00'
'02590',GORAKHPUR  SPL ,11,BST ,BASTI          ,'06:45:00','06:50:00'
'02590',GORAKHPUR  SPL ,12,GKP ,GORAKHPUR JN   ,'08:15:00','00:00:00'
'02779',VSG SBC LINK EX,1,VSG ,VASCO DA GAMA  ,'00:00:00','15:10:00'
'02779',VSG SBC LINK EX,2,MAO ,MADGAON        ,'15:45:00','15:50:00'
'02779',VSG SBC LINK EX,3,SVM ,SANVERDAM CHUCH,'15:58:00','16:00:00'
'02779',VSG SBC LINK EX,4,QLM ,KULEM          ,'16:30:00','16:35:00'
'02779',VSG SBC LINK EX,5,CLR ,CASTLE ROCK    ,'17:35:00','17:40:00'
'02779',VSG SBC LINK EX,6,LD  ,LONDA JN       ,'18:35:00','19:50:00'
'02779',VSG SBC LINK EX,7,LWR ,ALNAVAR JN     ,'20:43:00','20:45:00'
'02779',VSG SBC LINK EX,8,DWR ,DHARWAR        ,'21:43:00','21:45:00'
'02779',VSG SBC LINK EX,9,UBL ,HUBLI JN       ,'22:35:00','22:45:00'
'02779',VSG SBC LINK EX,10,HVR ,HAVERI         ,'23:49:00','23:50:00'
'02779',VSG SBC LINK EX,11,RNR ,RANIBENNUR     ,'00:19:00','00:20:00'
'02779',VSG SBC LINK EX,12,HRR ,HARIHAR        ,'00:43:00','00:45:00'
'02779',VSG SBC LINK EX,13,DVG ,DAVANGERE      ,'01:07:00','01:10:00'
'02779',VSG SBC LINK EX,14,JRU ,CHIKJAJUR JN   ,'01:30:00','01:31:00'
'02779',VSG SBC LINK EX,15,RRB ,BIRUR JN       ,'02:48:00','02:50:00'
'02779',VSG SBC LINK EX,16,DRU ,KADUR          ,'02:59:00','03:00:00'
'02779',VSG SBC LINK EX,17,ASK ,ARSIKERE JN    ,'03:45:00','03:50:00'
'02779',VSG SBC LINK EX,18,TTR ,TIPTUR         ,'04:16:00','04:17:00'
'02779',VSG SBC LINK EX,19,AMSA,AMMASANDRA     ,'04:44:00','04:45:00'
'02779',VSG SBC LINK EX,20,TK  ,TUMKUR         ,'05:38:00','05:40:00'
'02779',VSG SBC LINK EX,21,YPR ,YESVANTPUR JN  ,'06:43:00','06:45:00'
'02779',VSG SBC LINK EX,22,SBC ,BANGALORE CY JN,'07:00:00','00:00:00'
'02853',SUVIDHA SPECIAL,1,HWH ,HOWRAH JN      ,'00:00:00','17:00:00'
'02853',SUVIDHA SPECIAL,2,KGP ,KHARAGPUR JN   ,'18:59:00','19:00:00'
'02853',SUVIDHA SPECIAL,3,BBS ,BHUBANESWAR    ,'23:30:00','23:35:00'
'02853',SUVIDHA SPECIAL,4,VSKP,VISAKHAPATNAM  ,'06:10:00','06:30:00'
'02853',SUVIDHA SPECIAL,5,BZA ,VIJAYAWADA JN  ,'12:10:00','12:25:00'
'02853',SUVIDHA SPECIAL,6,KPD ,KATPADI JN     ,'20:18:00','20:20:00'
'02853',SUVIDHA SPECIAL,7,CBE ,COIMBATORE JN  ,'01:40:00','01:45:00'
'02853',SUVIDHA SPECIAL,8,ERS ,ERNAKULAM JN   ,'06:00:00','00:00:00'
'02873',VSKP TPTY SF SP,1,VSKP,VISAKHAPATNAM  ,'00:00:00','16:45:00'
'02873',VSKP TPTY SF SP,2,DVD ,DUVVADA        ,'17:15:00','17:17:00'
'02873',VSKP TPTY SF SP,3,AKP ,ANAKAPALLE     ,'17:30:00','17:32:00'
'02873',VSKP TPTY SF SP,4,SLO ,SAMALKOT JN    ,'18:45:00','18:47:00'
'02873',VSKP TPTY SF SP,5,RJY ,RAJAHMUNDRY    ,'19:43:00','19:45:00'
'02873',VSKP TPTY SF SP,6,BZA ,VIJAYAWADA JN  ,'22:25:00','22:35:00'
'02873',VSKP TPTY SF SP,7,RU  ,RENIGUNTA JN   ,'04:10:00','04:12:00'
'02873',VSKP TPTY SF SP,8,TPTY,TIRUPATI       ,'04:30:00','00:00:00'
'02874',TPTY VSKP SF SP,1,TPTY,TIRUPATI       ,'00:00:00','16:00:00'
'02874',TPTY VSKP SF SP,2,RU  ,RENIGUNTA JN   ,'16:10:00','16:12:00'
'02874',TPTY VSKP SF SP,3,BZA ,VIJAYAWADA JN  ,'22:05:00','22:15:00'
'02874',TPTY VSKP SF SP,4,RJY ,RAJAHMUNDRY    ,'00:33:00','00:35:00'
'02874',TPTY VSKP SF SP,5,SLO ,SAMALKOT JN    ,'01:20:00','01:22:00'
'02874',TPTY VSKP SF SP,6,AKP ,ANAKAPALLE     ,'04:00:00','04:02:00'
'02874',TPTY VSKP SF SP,7,DVD ,DUVVADA        ,'04:43:00','04:45:00'
'02874',TPTY VSKP SF SP,8,VSKP,VISAKHAPATNAM  ,'05:15:00','00:00:00'
'02877',KJM SPECIAL    ,1,VSKP,VISAKHAPATNAM  ,'00:00:00','19:00:00'
'02877',KJM SPECIAL    ,2,DVD ,DUVVADA        ,'19:30:00','19:32:00'
'02877',KJM SPECIAL    ,3,SLO ,SAMALKOT JN    ,'21:08:00','21:10:00'
'02877',KJM SPECIAL    ,4,RJY ,RAJAHMUNDRY    ,'21:55:00','21:57:00'
'02877',KJM SPECIAL    ,5,EE  ,ELURU          ,'23:08:00','23:10:00'
'02877',KJM SPECIAL    ,6,BZA ,VIJAYAWADA JN  ,'00:45:00','01:00:00'
'02877',KJM SPECIAL    ,7,OGL ,ONGOLE         ,'02:52:00','02:54:00'
'02877',KJM SPECIAL    ,8,NLR ,NELLORE        ,'04:10:00','04:12:00'
'02877',KJM SPECIAL    ,9,GDR ,GUDUR JN       ,'05:50:00','05:52:00'
'02877',KJM SPECIAL    ,10,RU  ,RENIGUNTA JN   ,'07:45:00','08:00:00'
'02877',KJM SPECIAL    ,11,KPD ,KATPADI JN     ,'10:15:00','10:20:00'
'02877',KJM SPECIAL    ,12,JTJ ,JOLARPETTAI    ,'11:30:00','11:35:00'
'02877',KJM SPECIAL    ,13,KJM ,KRISHNARAJAPURM,'14:00:00','00:00:00'
'02878',KJM VSKP EXP   ,1,KJM ,KRISHNARAJAPURM,'00:00:00','17:10:00'
'02878',KJM VSKP EXP   ,2,JTJ ,JOLARPETTAI    ,'19:40:00','19:45:00'
'02878',KJM VSKP EXP   ,3,KPD ,KATPADI JN     ,'21:00:00','21:05:00'
'02878',KJM VSKP EXP   ,4,RU  ,RENIGUNTA JN   ,'23:20:00','23:25:00'
'02878',KJM VSKP EXP   ,5,GDR ,GUDUR JN       ,'01:05:00','01:07:00'
'02878',KJM VSKP EXP   ,6,NLR ,NELLORE        ,'01:37:00','01:39:00'
'02878',KJM VSKP EXP   ,7,OGL ,ONGOLE         ,'03:20:00','03:22:00'
'02878',KJM VSKP EXP   ,8,BZA ,VIJAYAWADA JN  ,'05:40:00','05:55:00'
'02878',KJM VSKP EXP   ,9,EE  ,ELURU          ,'06:38:00','06:40:00'
'02878',KJM VSKP EXP   ,10,RJY ,RAJAHMUNDRY    ,'08:48:00','08:50:00'
'02878',KJM VSKP EXP   ,11,SLO ,SAMALKOT JN    ,'09:35:00','09:37:00'
'02878',KJM VSKP EXP   ,12,DVD ,DUVVADA        ,'11:53:00','11:55:00'
'02878',KJM VSKP EXP   ,13,VSKP,VISAKHAPATNAM  ,'12:25:00','00:00:00'
'02882',SUVIDHA SPL    ,1,BBS ,BHUBANESWAR    ,'00:00:00','22:15:00'
'02882',SUVIDHA SPL    ,2,BAM ,BRAHMAPUR      ,'00:45:00','00:47:00'
'02882',SUVIDHA SPL    ,3,VSKP,VISAKHAPATNAM  ,'04:40:00','05:00:00'
'02882',SUVIDHA SPL    ,4,BZA ,VIJAYAWADA JN  ,'10:40:00','11:00:00'
'02882',SUVIDHA SPL    ,5,SC  ,SECUNDERABAD JN,'16:10:00','16:20:00'
'02882',SUVIDHA SPL    ,6,SUR ,SOLAPUR JN     ,'23:40:00','23:50:00'
'02882',SUVIDHA SPL    ,7,PUNE,PUNE JN        ,'05:00:00','00:00:00'
'03235',SBG DNR SPECIAL,1,SBG ,SAHIBGANJ JN   ,'00:00:00','14:25:00'
'03235',SBG DNR SPECIAL,2,PPT ,PIRPAINTI      ,'14:44:00','14:45:00'
'03235',SBG DNR SPECIAL,3,CLG ,KAHALGAON      ,'15:07:00','15:08:00'
'03235',SBG DNR SPECIAL,4,EKC ,EKCHARI        ,'15:16:00','15:17:00'
'03235',SBG DNR SPECIAL,5,GGA ,GHOGA          ,'15:25:00','15:26:00'
'03235',SBG DNR SPECIAL,6,BGP ,BHAGALPUR      ,'15:52:00','16:07:00'
'03235',SBG DNR SPECIAL,7,AKN ,AKBARNAGAR     ,'16:20:00','16:21:00'
'03235',SBG DNR SPECIAL,8,SGG ,SULTANGANJ     ,'16:32:00','16:33:00'
'03235',SBG DNR SPECIAL,9,BUP ,BARIARPUR      ,'16:54:00','16:55:00'
'03235',SBG DNR SPECIAL,10,JMP ,JAMALPUR JN    ,'17:10:00','17:15:00'
'03235',SBG DNR SPECIAL,11,DRH ,DHARHARA       ,'17:27:00','17:28:00'
'03235',SBG DNR SPECIAL,12,AHA ,ABHAIPUR       ,'17:40:00','17:41:00'
'03235',SBG DNR SPECIAL,13,KJH ,KAJRA          ,'17:51:00','17:52:00'
'03235',SBG DNR SPECIAL,14,KIUL,KIUL JN        ,'18:50:00','19:05:00'
'03235',SBG DNR SPECIAL,15,LKR ,LUCKEESARAI JN ,'19:12:00','19:13:00'
'03235',SBG DNR SPECIAL,16,BRYA,BARHIYA        ,'19:32:00','19:33:00'
'03235',SBG DNR SPECIAL,17,HTZ ,HATHIDAH JN    ,'19:43:00','19:44:00'
'03235',SBG DNR SPECIAL,18,MKA ,MOKAMEH JN     ,'19:56:00','19:58:00'
'03235',SBG DNR SPECIAL,19,BARH,BARH           ,'20:17:00','20:18:00'
'03235',SBG DNR SPECIAL,20,ATL ,ATHMAL GOLA    ,'20:29:00','20:30:00'
'03235',SBG DNR SPECIAL,21,BKP ,BAKHTIYARPUR JN,'20:40:00','20:42:00'
'03235',SBG DNR SPECIAL,22,KOO ,KHUSROPUR      ,'21:47:00','21:48:00'
'03235',SBG DNR SPECIAL,23,FUT ,FATWA          ,'21:57:00','21:58:00'
'03235',SBG DNR SPECIAL,24,PNC ,PATNA SAHEB    ,'22:21:00','22:22:00'
'03235',SBG DNR SPECIAL,25,RJPB,RAJENDRANAGAR T,'22:46:00','22:48:00'
'03235',SBG DNR SPECIAL,26,PNBE,PATNA JN       ,'23:10:00','23:20:00'
'03235',SBG DNR SPECIAL,27,DNR ,DANAPUR        ,'23:35:00','00:00:00'
'03236',DNR SBG SPL    ,1,DNR ,DANAPUR        ,'00:00:00','05:05:00'
'03236',DNR SBG SPL    ,2,PNBE,PATNA JN       ,'05:20:00','05:30:00'
'03236',DNR SBG SPL    ,3,RJPB,RAJENDRANAGAR T,'05:37:00','05:39:00'
'03236',DNR SBG SPL    ,4,PNC ,PATNA SAHEB    ,'05:49:00','05:50:00'
'03236',DNR SBG SPL    ,5,FUT ,FATWA          ,'06:03:00','06:04:00'
'03236',DNR SBG SPL    ,6,KOO ,KHUSROPUR      ,'06:13:00','06:14:00'
'03236',DNR SBG SPL    ,7,KWO ,KARAUTA        ,'06:21:00','06:22:00'
'03236',DNR SBG SPL    ,8,BKP ,BAKHTIYARPUR JN,'06:32:00','06:34:00'
'03236',DNR SBG SPL    ,9,ATL ,ATHMAL GOLA    ,'06:40:00','06:41:00'
'03236',DNR SBG SPL    ,10,BARH,BARH           ,'07:37:00','07:38:00'
'03236',DNR SBG SPL    ,11,MKA ,MOKAMEH JN     ,'07:59:00','08:01:00'
'03236',DNR SBG SPL    ,12,HTZ ,HATHIDAH JN    ,'08:09:00','08:10:00'
'03236',DNR SBG SPL    ,13,BRYA,BARHIYA        ,'08:20:00','08:21:00'
'03236',DNR SBG SPL    ,14,DMRX,DUMRI HALT     ,'08:27:00','08:28:00'
'03236',DNR SBG SPL    ,15,LKR ,LUCKEESARAI JN ,'08:41:00','08:42:00'
'03236',DNR SBG SPL    ,16,KIUL,KIUL JN        ,'08:52:00','08:57:00'
'03236',DNR SBG SPL    ,17,KJH ,KAJRA          ,'09:14:00','09:15:00'
'03236',DNR SBG SPL    ,18,AHA ,ABHAIPUR       ,'09:25:00','09:26:00'
'03236',DNR SBG SPL    ,19,DRH ,DHARHARA       ,'09:38:00','09:39:00'
'03236',DNR SBG SPL    ,20,JMP ,JAMALPUR JN    ,'09:56:00','10:01:00'
'03236',DNR SBG SPL    ,21,BUP ,BARIARPUR      ,'10:13:00','10:14:00'
'03236',DNR SBG SPL    ,22,SGG ,SULTANGANJ     ,'10:35:00','10:36:00'
'03236',DNR SBG SPL    ,23,AKN ,AKBARNAGAR     ,'10:47:00','10:48:00'
'03236',DNR SBG SPL    ,24,BGP ,BHAGALPUR      ,'11:07:00','11:17:00'
'03236',DNR SBG SPL    ,25,GGA ,GHOGA          ,'11:37:00','11:38:00'
'03236',DNR SBG SPL    ,26,EKC ,EKCHARI        ,'11:46:00','11:47:00'
'03236',DNR SBG SPL    ,27,CLG ,KAHALGAON      ,'11:55:00','11:56:00'
'03236',DNR SBG SPL    ,28,PPT ,PIRPAINTI      ,'12:18:00','12:19:00'
'03236',DNR SBG SPL    ,29,SBG ,SAHIBGANJ JN   ,'13:05:00','00:00:00'
'03401',BGP DNR SPECIAL,1,BGP ,BHAGALPUR      ,'00:00:00','05:35:00'
'03401',BGP DNR SPECIAL,2,NAT ,NATHNAGAR      ,'05:42:00','05:43:00'
'03401',BGP DNR SPECIAL,3,AKN ,AKBARNAGAR     ,'05:53:00','05:54:00'
'03401',BGP DNR SPECIAL,4,SGG ,SULTANGANJ     ,'06:04:00','06:05:00'
'03401',BGP DNR SPECIAL,5,KPRD,KALYANPUR ROAD ,'06:19:00','06:20:00'
'03401',BGP DNR SPECIAL,6,BUP ,BARIARPUR      ,'06:29:00','06:30:00'
'03401',BGP DNR SPECIAL,7,RPUR,RATANPUR       ,'06:37:00','06:38:00'
'03401',BGP DNR SPECIAL,8,JMP ,JAMALPUR JN    ,'06:49:00','06:51:00'
'03401',BGP DNR SPECIAL,9,DRH ,DHARHARA       ,'07:03:00','07:04:00'
'03401',BGP DNR SPECIAL,10,MSDN,MASUDAN        ,'07:12:00','07:13:00'
'03401',BGP DNR SPECIAL,11,AHA ,ABHAIPUR       ,'07:20:00','07:21:00'
'03401',BGP DNR SPECIAL,12,KJH ,KAJRA          ,'07:30:00','07:31:00'
'03401',BGP DNR SPECIAL,13,UREN,UREN           ,'07:38:00','07:39:00'
'03401',BGP DNR SPECIAL,14,DNRE,DHANAURI       ,'07:47:00','07:48:00'
'03401',BGP DNR SPECIAL,15,KIUL,KIUL JN        ,'08:23:00','08:25:00'
'03401',BGP DNR SPECIAL,16,LKR ,LUCKEESARAI JN ,'08:32:00','08:33:00'
'03401',BGP DNR SPECIAL,17,BRYA,BARHIYA        ,'08:47:00','08:48:00'
'03401',BGP DNR SPECIAL,18,HTZ ,HATHIDAH JN    ,'08:58:00','08:59:00'
'03401',BGP DNR SPECIAL,19,MKA ,MOKAMEH JN     ,'09:10:00','09:12:00'
'03401',BGP DNR SPECIAL,20,PHK ,PUNARAKH       ,'09:23:00','09:24:00'
'03401',BGP DNR SPECIAL,21,BARH,BARH           ,'09:34:00','09:35:00'
'03401',BGP DNR SPECIAL,22,BKP ,BAKHTIYARPUR JN,'09:51:00','09:53:00'
'03401',BGP DNR SPECIAL,23,FUT ,FATWA          ,'10:09:00','10:10:00'
'03401',BGP DNR SPECIAL,24,PNC ,PATNA SAHEB    ,'10:22:00','10:23:00'
'03401',BGP DNR SPECIAL,25,RJPB,RAJENDRANAGAR T,'10:32:00','10:34:00'
'03401',BGP DNR SPECIAL,26,PNBE,PATNA JN       ,'11:15:00','11:25:00'
'03401',BGP DNR SPECIAL,27,DNR ,DANAPUR        ,'12:40:00','00:00:00'
'03402',DNR BGP SPL    ,1,DNR ,DANAPUR        ,'00:00:00','16:15:00'
'03402',DNR BGP SPL    ,2,PNBE,PATNA JN       ,'16:30:00','16:40:00'
'03402',DNR BGP SPL    ,3,RJPB,RAJENDRANAGAR T,'16:47:00','16:49:00'
'03402',DNR BGP SPL    ,4,PNC ,PATNA SAHEB    ,'16:59:00','17:00:00'
'03402',DNR BGP SPL    ,5,FUT ,FATWA          ,'17:12:00','17:13:00'
'03402',DNR BGP SPL    ,6,BKP ,BAKHTIYARPUR JN,'17:31:00','17:33:00'
'03402',DNR BGP SPL    ,7,BARH,BARH           ,'17:51:00','17:52:00'
'03402',DNR BGP SPL    ,8,PHK ,PUNARAKH       ,'18:09:00','18:10:00'
'03402',DNR BGP SPL    ,9,MKA ,MOKAMEH JN     ,'18:35:00','18:37:00'
'03402',DNR BGP SPL    ,10,HTZ ,HATHIDAH JN    ,'18:45:00','18:46:00'
'03402',DNR BGP SPL    ,11,BRYA,BARHIYA        ,'19:10:00','19:11:00'
'03402',DNR BGP SPL    ,12,LKR ,LUCKEESARAI JN ,'19:25:00','19:26:00'
'03402',DNR BGP SPL    ,13,KIUL,KIUL JN        ,'19:36:00','19:38:00'
'03402',DNR BGP SPL    ,14,DNRE,DHANAURI       ,'19:54:00','19:55:00'
'03402',DNR BGP SPL    ,15,UREN,UREN           ,'20:03:00','20:04:00'
'03402',DNR BGP SPL    ,16,KJH ,KAJRA          ,'20:11:00','20:12:00'
'03402',DNR BGP SPL    ,17,AHA ,ABHAIPUR       ,'20:21:00','20:22:00'
'03402',DNR BGP SPL    ,18,MSDN,MASUDAN        ,'20:29:00','20:30:00'
'03402',DNR BGP SPL    ,19,DRH ,DHARHARA       ,'20:38:00','20:39:00'
'03402',DNR BGP SPL    ,20,JMP ,JAMALPUR JN    ,'20:53:00','20:55:00'
'03402',DNR BGP SPL    ,21,RPUR,RATANPUR       ,'21:04:00','21:05:00'
'03402',DNR BGP SPL    ,22,BUP ,BARIARPUR      ,'21:12:00','21:13:00'
'03402',DNR BGP SPL    ,23,KPRD,KALYANPUR ROAD ,'21:22:00','21:23:00'
'03402',DNR BGP SPL    ,24,SGG ,SULTANGANJ     ,'21:37:00','21:38:00'
'03402',DNR BGP SPL    ,25,AKN ,AKBARNAGAR     ,'21:48:00','21:49:00'
'03402',DNR BGP SPL    ,26,NAT ,NATHNAGAR      ,'21:59:00','22:00:00'
'03402',DNR BGP SPL    ,27,BGP ,BHAGALPUR      ,'22:25:00','00:00:00'
'04401',ANVT SVDK SPL  ,1,ANVT,ANAND VIHAR TRM,'00:00:00','21:00:00'
'04401',ANVT SVDK SPL  ,2,GZB ,GHAZIABAD      ,'21:35:00','21:37:00'
'04401',ANVT SVDK SPL  ,3,MTC ,MEERUT CITY    ,'22:30:00','22:40:00'
'04401',ANVT SVDK SPL  ,4,MOZ ,MUZAFFARNAGAR  ,'23:43:00','23:45:00'
'04401',ANVT SVDK SPL  ,5,SRE ,SAHARANPUR     ,'01:00:00','01:05:00'
'04401',ANVT SVDK SPL  ,6,UMB ,AMBALA CANT JN ,'02:25:00','02:33:00'
'04401',ANVT SVDK SPL  ,7,LDH ,LUDHIANA JN    ,'04:25:00','04:35:00'
'04401',ANVT SVDK SPL  ,8,JRC ,JALANDHAR CANT ,'05:35:00','05:40:00'
'04401',ANVT SVDK SPL  ,9,PTKC,PATHANKOT CANTT,'07:25:00','07:30:00'
'04401',ANVT SVDK SPL  ,10,JAT ,JAMMU TAWI     ,'09:45:00','09:55:00'
'04401',ANVT SVDK SPL  ,11,UHP ,UDHAMPUR       ,'11:40:00','11:45:00'
'04401',ANVT SVDK SPL  ,12,SVDK,SHMATA VD KATRA,'12:20:00','00:00:00'
'04402',SVDK ANVT SPL  ,1,SVDK,SHMATA VD KATRA,'00:00:00','14:10:00'
'04402',SVDK ANVT SPL  ,2,UHP ,UDHAMPUR       ,'14:35:00','14:40:00'
'04402',SVDK ANVT SPL  ,3,JAT ,JAMMU TAWI     ,'15:40:00','15:50:00'
'04402',SVDK ANVT SPL  ,4,PTKC,PATHANKOT CANTT,'18:05:00','18:10:00'
'04402',SVDK ANVT SPL  ,5,JRC ,JALANDHAR CANT ,'20:35:00','20:40:00'
'04402',SVDK ANVT SPL  ,6,LDH ,LUDHIANA JN    ,'21:40:00','21:50:00'
'04402',SVDK ANVT SPL  ,7,UMB ,AMBALA CANT JN ,'23:50:00','23:58:00'
'04402',SVDK ANVT SPL  ,8,SRE ,SAHARANPUR     ,'02:00:00','02:05:00'
'04402',SVDK ANVT SPL  ,9,MOZ ,MUZAFFARNAGAR  ,'03:40:00','03:42:00'
'04402',SVDK ANVT SPL  ,10,MTC ,MEERUT CITY    ,'04:28:00','04:33:00'
'04402',SVDK ANVT SPL  ,11,GZB ,GHAZIABAD      ,'05:25:00','05:27:00'
'04402',SVDK ANVT SPL  ,12,ANVT,ANAND VIHAR TRM,'06:00:00','00:00:00'
'04403',LKO ANVT SPL   ,1,LKO ,LUCKNOW NR     ,'00:00:00','06:50:00'
'04403',LKO ANVT SPL   ,2,BE  ,BAREILLY       ,'10:40:00','10:42:00'
'04403',LKO ANVT SPL   ,3,MB  ,MORADABAD      ,'13:00:00','13:05:00'
'04403',LKO ANVT SPL   ,4,GZB ,GHAZIABAD      ,'15:15:00','15:17:00'
'04403',LKO ANVT SPL   ,5,ANVT,ANAND VIHAR TRM,'15:50:00','00:00:00'
'04404',ANVT LKO SPL   ,1,ANVT,ANAND VIHAR TRM,'00:00:00','19:35:00'
'04404',ANVT LKO SPL   ,2,GZB ,GHAZIABAD      ,'20:05:00','20:07:00'
'04404',ANVT LKO SPL   ,3,MB  ,MORADABAD      ,'22:35:00','22:40:00'
'04404',ANVT LKO SPL   ,4,BE  ,BAREILLY       ,'00:05:00','00:07:00'
'04404',ANVT LKO SPL   ,5,LKO ,LUCKNOW NR     ,'04:40:00','00:00:00'
'04405',LKO NDLS SPL   ,1,LKO ,LUCKNOW NR     ,'00:00:00','06:50:00'
'04405',LKO NDLS SPL   ,2,BE  ,BAREILLY       ,'10:40:00','10:42:00'
'04405',LKO NDLS SPL   ,3,MB  ,MORADABAD      ,'13:00:00','13:05:00'
'04405',LKO NDLS SPL   ,4,GZB ,GHAZIABAD      ,'15:15:00','15:17:00'
'04405',LKO NDLS SPL   ,5,NDLS,NEW DELHI      ,'16:00:00','00:00:00'
'04406',NDLS LKO SPL   ,1,NDLS,NEW DELHI      ,'00:00:00','19:25:00'
'04406',NDLS LKO SPL   ,2,GZB ,GHAZIABAD      ,'20:05:00','20:07:00'
'04406',NDLS LKO SPL   ,3,MB  ,MORADABAD      ,'22:35:00','22:40:00'
'04406',NDLS LKO SPL   ,4,BE  ,BAREILLY       ,'00:05:00','00:07:00'
'04406',NDLS LKO SPL   ,5,LKO ,LUCKNOW NR     ,'04:40:00','00:00:00'
'04407',DLI SPL        ,1,DBG ,DARBHANGA JN   ,'00:00:00','12:00:00'
'04407',DLI SPL        ,2,SPJ ,SAMASTIPUR JN  ,'13:00:00','13:20:00'
'04407',DLI SPL        ,3,MFP ,MUZAFFARPUR JN ,'14:30:00','14:35:00'
'04407',DLI SPL        ,4,HJP ,HAJIPUR JN     ,'15:30:00','15:35:00'
'04407',DLI SPL        ,5,CPR ,CHHAPRA        ,'17:30:00','17:35:00'
'04407',DLI SPL        ,6,SV  ,SIWAN JN       ,'18:35:00','18:40:00'
'04407',DLI SPL        ,7,DEOS,DEORIA SADAR   ,'19:25:00','19:30:00'
'04407',DLI SPL        ,8,GKP ,GORAKHPUR JN   ,'20:25:00','20:35:00'
'04407',DLI SPL        ,9,BST ,BASTI          ,'21:30:00','21:35:00'
'04407',DLI SPL        ,10,GD  ,GONDA JN       ,'23:30:00','23:35:00'
'04407',DLI SPL        ,11,LKO ,LUCKNOW NR     ,'02:25:00','02:35:00'
'04407',DLI SPL        ,12,BE  ,BAREILLY       ,'07:02:00','07:04:00'
'04407',DLI SPL        ,13,MB  ,MORADABAD      ,'09:40:00','09:50:00'
'04407',DLI SPL        ,14,DLI ,DELHI          ,'12:40:00','00:00:00'
'04408',DLI DBG SPL    ,1,DLI ,DELHI          ,'00:00:00','11:15:00'
'04408',DLI DBG SPL    ,2,MB  ,MORADABAD      ,'13:55:00','14:00:00'
'04408',DLI DBG SPL    ,3,BE  ,BAREILLY       ,'15:19:00','15:21:00'
'04408',DLI DBG SPL    ,4,LKO ,LUCKNOW NR     ,'18:40:00','18:50:00'
'04408',DLI DBG SPL    ,5,GD  ,GONDA JN       ,'21:00:00','21:05:00'
'04408',DLI DBG SPL    ,6,BST ,BASTI          ,'22:25:00','22:30:00'
'04408',DLI DBG SPL    ,7,GKP ,GORAKHPUR JN   ,'00:05:00','00:15:00'
'04408',DLI DBG SPL    ,8,DEOS,DEORIA SADAR   ,'01:05:00','01:10:00'
'04408',DLI DBG SPL    ,9,SV  ,SIWAN JN       ,'02:00:00','02:05:00'
'04408',DLI DBG SPL    ,10,CPR ,CHHAPRA        ,'03:40:00','03:45:00'
'04408',DLI DBG SPL    ,11,HJP ,HAJIPUR JN     ,'04:40:00','04:45:00'
'04408',DLI DBG SPL    ,12,MFP ,MUZAFFARPUR JN ,'05:40:00','05:45:00'
'04408',DLI DBG SPL    ,13,SPJ ,SAMASTIPUR JN  ,'06:30:00','06:50:00'
'04408',DLI DBG SPL    ,14,DBG ,DARBHANGA JN   ,'08:30:00','00:00:00'
'04413',DEE SVDK SPL   ,1,DEE ,DELHI S ROHILLA,'00:00:00','22:55:00'
'04413',DEE SVDK SPL   ,2,ROK ,ROHTAK JN      ,'00:14:00','00:16:00'
'04413',DEE SVDK SPL   ,3,JIND,JIND JN        ,'01:05:00','01:07:00'
'04413',DEE SVDK SPL   ,4,NRW ,NARWANA JN     ,'01:35:00','01:37:00'
'04413',DEE SVDK SPL   ,5,JHL ,JAKHAL JN      ,'02:13:00','02:15:00'
'04413',DEE SVDK SPL   ,6,DUI ,DHURI JN       ,'03:30:00','03:35:00'
'04413',DEE SVDK SPL   ,7,LDH ,LUDHIANA JN    ,'04:53:00','05:03:00'
'04413',DEE SVDK SPL   ,8,JRC ,JALANDHAR CANT ,'06:00:00','06:02:00'
'04413',DEE SVDK SPL   ,9,PTKC,PATHANKOT CANTT,'08:10:00','08:15:00'
'04413',DEE SVDK SPL   ,10,JAT ,JAMMU TAWI     ,'10:25:00','10:40:00'
'04413',DEE SVDK SPL   ,11,UHP ,UDHAMPUR       ,'11:55:00','12:00:00'
'04413',DEE SVDK SPL   ,12,SVDK,SHMATA VD KATRA,'12:45:00','00:00:00'
'04414',SVDK DEE SPL   ,1,SVDK,SHMATA VD KATRA,'00:00:00','16:00:00'
'04414',SVDK DEE SPL   ,2,UHP ,UDHAMPUR       ,'16:30:00','16:35:00'
'04414',SVDK DEE SPL   ,3,JAT ,JAMMU TAWI     ,'17:35:00','17:45:00'
'04414',SVDK DEE SPL   ,4,PTKC,PATHANKOT CANTT,'19:45:00','19:50:00'
'04414',SVDK DEE SPL   ,5,JRC ,JALANDHAR CANT ,'21:43:00','21:45:00'
'04414',SVDK DEE SPL   ,6,LDH ,LUDHIANA JN    ,'23:05:00','23:15:00'
'04414',SVDK DEE SPL   ,7,DUI ,DHURI JN       ,'00:20:00','00:25:00'
'04414',SVDK DEE SPL   ,8,JHL ,JAKHAL JN      ,'02:05:00','02:10:00'
'04414',SVDK DEE SPL   ,9,NRW ,NARWANA JN     ,'02:50:00','02:52:00'
'04414',SVDK DEE SPL   ,10,JIND,JIND JN        ,'03:25:00','03:27:00'
'04414',SVDK DEE SPL   ,11,ROK ,ROHTAK JN      ,'04:40:00','04:42:00'
'04414',SVDK DEE SPL   ,12,DEE ,DELHI S ROHILLA,'07:00:00','00:00:00'
'04415',BJU NDLS AC SPL,1,BJU ,BARAUNI JN     ,'00:00:00','21:35:00'
'04415',BJU NDLS AC SPL,2,SPJ ,SAMASTIPUR JN  ,'22:30:00','22:35:00'
'04415',BJU NDLS AC SPL,3,MFP ,MUZAFFARPUR JN ,'23:20:00','23:25:00'
'04415',BJU NDLS AC SPL,4,HJP ,HAJIPUR JN     ,'00:15:00','00:20:00'
'04415',BJU NDLS AC SPL,5,CPR ,CHHAPRA        ,'02:15:00','02:20:00'
'04415',BJU NDLS AC SPL,6,SV  ,SIWAN JN       ,'03:10:00','03:15:00'
'04415',BJU NDLS AC SPL,7,DEOS,DEORIA SADAR   ,'04:10:00','04:15:00'
'04415',BJU NDLS AC SPL,8,GKP ,GORAKHPUR JN   ,'05:15:00','05:25:00'
'04415',BJU NDLS AC SPL,9,BST ,BASTI          ,'06:40:00','06:45:00'
'04415',BJU NDLS AC SPL,10,GD  ,GONDA JN       ,'07:50:00','07:55:00'
'04415',BJU NDLS AC SPL,11,LKO ,LUCKNOW NR     ,'10:55:00','11:05:00'
'04415',BJU NDLS AC SPL,12,BE  ,BAREILLY       ,'16:00:00','16:02:00'
'04415',BJU NDLS AC SPL,13,MB  ,MORADABAD      ,'17:30:00','17:40:00'
'04415',BJU NDLS AC SPL,14,NDLS,NEW DELHI      ,'22:10:00','00:00:00'
'04416',NDLS BJU AC  SP,1,NDLS,NEW DELHI      ,'00:00:00','19:25:00'
'04416',NDLS BJU AC  SP,2,MB  ,MORADABAD      ,'22:35:00','22:45:00'
'04416',NDLS BJU AC  SP,3,BE  ,BAREILLY       ,'00:15:00','00:17:00'
'04416',NDLS BJU AC  SP,4,LKO ,LUCKNOW NR     ,'04:00:00','04:10:00'
'04416',NDLS BJU AC  SP,5,GD  ,GONDA JN       ,'06:30:00','06:35:00'
'04416',NDLS BJU AC  SP,6,BST ,BASTI          ,'07:40:00','07:45:00'
'04416',NDLS BJU AC  SP,7,GKP ,GORAKHPUR JN   ,'09:35:00','09:45:00'
'04416',NDLS BJU AC  SP,8,DEOS,DEORIA SADAR   ,'10:40:00','10:45:00'
'04416',NDLS BJU AC  SP,9,SV  ,SIWAN JN       ,'12:00:00','12:05:00'
'04416',NDLS BJU AC  SP,10,CPR ,CHHAPRA        ,'13:15:00','13:20:00'
'04416',NDLS BJU AC  SP,11,HJP ,HAJIPUR JN     ,'14:20:00','14:25:00'
'04416',NDLS BJU AC  SP,12,MFP ,MUZAFFARPUR JN ,'15:35:00','15:40:00'
'04416',NDLS BJU AC  SP,13,SPJ ,SAMASTIPUR JN  ,'16:50:00','16:55:00'
'04416',NDLS BJU AC  SP,14,BJU ,BARAUNI JN     ,'18:00:00','00:00:00'
'04735',BKN HW SPL     ,1,BKN ,BIKANER JN     ,'00:00:00','19:45:00'
'04735',BKN HW SPL     ,2,NPS ,NAPASAR        ,'20:10:00','20:12:00'
'04735',BKN HW SPL     ,3,SDF ,SUDSAR         ,'20:30:00','20:32:00'
'04735',BKN HW SPL     ,4,SDGH,SRI DUNGARGARH ,'20:51:00','20:53:00'
'04735',BKN HW SPL     ,5,RJR ,RAJALDESAR     ,'21:27:00','21:29:00'
'04735',BKN HW SPL     ,6,RTGH,RATANGARH JN   ,'21:50:00','21:55:00'
'04735',BKN HW SPL     ,7,CUR ,CHURU          ,'22:30:00','22:40:00'
'04735',BKN HW SPL     ,8,SDLP,SADULPUR JN    ,'23:30:00','23:35:00'
'04735',BKN HW SPL     ,9,LHU ,LOHARU         ,'00:13:00','00:15:00'
'04735',BKN HW SPL     ,10,MHRG,MAHENDRAGARH   ,'00:44:00','00:46:00'
'04735',BKN HW SPL     ,11,RE  ,REWARI         ,'01:43:00','01:45:00'
'04735',BKN HW SPL     ,12,DLI ,DELHI          ,'03:25:00','03:40:00'
'04735',BKN HW SPL     ,13,DSA ,DELHI SHAHDARA ,'04:00:00','04:02:00'
'04735',BKN HW SPL     ,14,BTU ,BARAUT         ,'05:16:00','05:18:00'
'04735',BKN HW SPL     ,15,SMQL,SHAMLI         ,'06:25:00','06:30:00'
'04735',BKN HW SPL     ,16,TPZ ,TAPRI          ,'08:06:00','08:10:00'
'04735',BKN HW SPL     ,17,RK  ,ROORKEE        ,'08:37:00','08:39:00'
'04735',BKN HW SPL     ,18,HW  ,HARIDWAR JN    ,'10:25:00','00:00:00'
'04736',HW BKN SPL     ,1,HW  ,HARIDWAR JN    ,'00:00:00','19:50:00'
'04736',HW BKN SPL     ,2,RK  ,ROORKEE        ,'20:42:00','20:44:00'
'04736',HW BKN SPL     ,3,TPZ ,TAPRI          ,'21:38:00','21:40:00'
'04736',HW BKN SPL     ,4,SMQL,SHAMLI         ,'22:48:00','22:53:00'
'04736',HW BKN SPL     ,5,BTU ,BARAUT         ,'23:40:00','23:42:00'
'04736',HW BKN SPL     ,6,DSA ,DELHI SHAHDARA ,'00:56:00','00:58:00'
'04736',HW BKN SPL     ,7,DLI ,DELHI          ,'01:25:00','01:40:00'
'04736',HW BKN SPL     ,8,RE  ,REWARI         ,'03:17:00','03:20:00'
'04736',HW BKN SPL     ,9,MHRG,MAHENDRAGARH   ,'04:07:00','04:09:00'
'04736',HW BKN SPL     ,10,LHU ,LOHARU         ,'04:38:00','04:40:00'
'04736',HW BKN SPL     ,11,SDLP,SADULPUR JN    ,'05:20:00','05:25:00'
'04736',HW BKN SPL     ,12,CUR ,CHURU          ,'06:10:00','06:15:00'
'04736',HW BKN SPL     ,13,RTGH,RATANGARH JN   ,'06:50:00','06:55:00'
'04736',HW BKN SPL     ,14,RJR ,RAJALDESAR     ,'07:10:00','07:12:00'
'04736',HW BKN SPL     ,15,SDGH,SRI DUNGARGARH ,'07:58:00','08:00:00'
'04736',HW BKN SPL     ,16,SDF ,SUDSAR         ,'08:19:00','08:21:00'
'04736',HW BKN SPL     ,17,NPS ,NAPASAR        ,'08:38:00','08:40:00'
'04736',HW BKN SPL     ,18,BKN ,BIKANER JN     ,'09:40:00','00:00:00'
'04801',JU JSMSPL      ,1,JU  ,JODHPUR JN     ,'00:00:00','16:45:00'
'04801',JU JSMSPL      ,2,RKB ,RAIKA BAGH     ,'17:02:00','17:05:00'
'04801',JU JSMSPL      ,3,MMY ,MARWAR MATHANYA,'17:21:00','17:23:00'
'04801',JU JSMSPL      ,4,TIW ,TIVARI         ,'17:33:00','17:35:00'
'04801',JU JSMSPL      ,5,OSN ,OSIYAN         ,'17:53:00','17:56:00'
'04801',JU JSMSPL      ,6,MWT ,MARWAR LOHWAT  ,'18:32:00','18:34:00'
'04801',JU JSMSPL      ,7,PLCJ,PHALODI JN     ,'18:59:00','19:04:00'
'04801',JU JSMSPL      ,8,RDRA,RAMDEVRA       ,'20:00:00','20:03:00'
'04801',JU JSMSPL      ,9,AQG ,ASHAPURA GOMAT ,'20:11:00','20:13:00'
'04801',JU JSMSPL      ,10,SBLT,SHRIBDRYA LATHI,'20:41:00','20:43:00'
'04801',JU JSMSPL      ,11,JSM ,JAISALMER      ,'22:20:00','00:00:00'
'04802',JSM JU SPL     ,1,JSM ,JAISALMER      ,'00:00:00','00:45:00'
'04802',JSM JU SPL     ,2,SBLT,SHRIBDRYA LATHI,'01:31:00','01:33:00'
'04802',JSM JU SPL     ,3,AQG ,ASHAPURA GOMAT ,'02:02:00','02:04:00'
'04802',JSM JU SPL     ,4,RDRA,RAMDEVRA       ,'02:12:00','02:15:00'
'04802',JSM JU SPL     ,5,PLCJ,PHALODI JN     ,'03:40:00','03:45:00'
'04802',JSM JU SPL     ,6,MWT ,MARWAR LOHWAT  ,'04:10:00','04:15:00'
'04802',JSM JU SPL     ,7,OSN ,OSIYAN         ,'04:46:00','04:49:00'
'04802',JSM JU SPL     ,8,TIW ,TIVARI         ,'05:06:00','05:08:00'
'04802',JSM JU SPL     ,9,MMY ,MARWAR MATHANYA,'05:40:00','05:42:00'
'04802',JSM JU SPL     ,10,RKB ,RAIKA BAGH     ,'06:19:00','06:21:00'
'04802',JSM JU SPL     ,11,JU  ,JODHPUR JN     ,'07:00:00','00:00:00'
'04923',LKO NLDM SF SPL,1,LKO ,LUCKNOW NR     ,'00:00:00','18:25:00'
'04923',LKO NLDM SF SPL,2,BE  ,BAREILLY       ,'22:18:00','22:20:00'
'04923',LKO NLDM SF SPL,3,MB  ,MORADABAD      ,'00:40:00','00:50:00'
'04923',LKO NLDM SF SPL,4,SRE ,SAHARANPUR     ,'03:35:00','03:40:00'
'04923',LKO NLDM SF SPL,5,JUD ,JAGADHRI       ,'04:08:00','04:10:00'
'04923',LKO NLDM SF SPL,6,UMB ,AMBALA CANT JN ,'04:55:00','05:00:00'
'04923',LKO NLDM SF SPL,7,CDG ,CHANDIGARH     ,'06:05:00','06:15:00'
'04923',LKO NLDM SF SPL,8,RPAR,RUPNAGAR       ,'07:45:00','07:47:00'
'04923',LKO NLDM SF SPL,9,NLDM,NANGAL DAM     ,'08:50:00','00:00:00'
'04924',NLDM LKO SF SPL,1,NLDM,NANGAL DAM     ,'00:00:00','23:45:00'
'04924',NLDM LKO SF SPL,2,RPAR,RUPNAGAR       ,'00:50:00','00:52:00'
'04924',NLDM LKO SF SPL,3,CDG ,CHANDIGARH     ,'02:15:00','02:20:00'
'04924',NLDM LKO SF SPL,4,UMB ,AMBALA CANT JN ,'03:05:00','03:10:00'
'04924',NLDM LKO SF SPL,5,JUD ,JAGADHRI       ,'03:53:00','03:55:00'
'04924',NLDM LKO SF SPL,6,SRE ,SAHARANPUR     ,'04:35:00','04:45:00'
'04924',NLDM LKO SF SPL,7,MB  ,MORADABAD      ,'07:45:00','07:55:00'
'04924',NLDM LKO SF SPL,8,BE  ,BAREILLY       ,'09:47:00','09:50:00'
'04924',NLDM LKO SF SPL,9,LKO ,LUCKNOW NR     ,'14:00:00','00:00:00'
'04927',BSB CDG SPECIAL,1,BSB ,VARANASI JN    ,'00:00:00','20:40:00'
'04927',BSB CDG SPECIAL,2,SLN ,SULTANPUR      ,'22:48:00','22:50:00'
'04927',BSB CDG SPECIAL,3,LKO ,LUCKNOW NR     ,'02:10:00','02:25:00'
'04927',BSB CDG SPECIAL,4,BE  ,BAREILLY       ,'07:10:00','07:15:00'
'04927',BSB CDG SPECIAL,5,MB  ,MORADABAD      ,'08:50:00','09:00:00'
'04927',BSB CDG SPECIAL,6,SRE ,SAHARANPUR     ,'11:55:00','12:05:00'
'04927',BSB CDG SPECIAL,7,UMB ,AMBALA CANT JN ,'13:25:00','13:35:00'
'04927',BSB CDG SPECIAL,8,CDG ,CHANDIGARH     ,'14:30:00','00:00:00'
'04928',CDG BSB SPECIAL,1,CDG ,CHANDIGARH     ,'00:00:00','23:15:00'
'04928',CDG BSB SPECIAL,2,UMB ,AMBALA CANT JN ,'00:02:00','00:10:00'
'04928',CDG BSB SPECIAL,3,SRE ,SAHARANPUR     ,'01:45:00','01:55:00'
'04928',CDG BSB SPECIAL,4,MB  ,MORADABAD      ,'05:35:00','05:45:00'
'04928',CDG BSB SPECIAL,5,BE  ,BAREILLY       ,'07:05:00','07:10:00'
'04928',CDG BSB SPECIAL,6,LKO ,LUCKNOW NR     ,'11:15:00','11:30:00'
'04928',CDG BSB SPECIAL,7,SLN ,SULTANPUR      ,'14:12:00','14:14:00'
'04928',CDG BSB SPECIAL,8,BSB ,VARANASI JN    ,'17:30:00','00:00:00'
'04941',LKO SVDK SPL   ,1,LKO ,LUCKNOW NR     ,'00:00:00','17:35:00'
'04941',LKO SVDK SPL   ,2,SPN ,SHAHJEHANPUR   ,'19:55:00','19:57:00'
'04941',LKO SVDK SPL   ,3,MB  ,MORADABAD      ,'22:25:00','22:35:00'
'04941',LKO SVDK SPL   ,4,SRE ,SAHARANPUR     ,'01:35:00','01:45:00'
'04941',LKO SVDK SPL   ,5,JUD ,JAGADHRI       ,'02:13:00','02:15:00'
'04941',LKO SVDK SPL   ,6,UMB ,AMBALA CANT JN ,'03:15:00','03:25:00'
'04941',LKO SVDK SPL   ,7,LDH ,LUDHIANA JN    ,'05:25:00','05:45:00'
'04941',LKO SVDK SPL   ,8,JRC ,JALANDHAR CANT ,'06:28:00','06:33:00'
'04941',LKO SVDK SPL   ,9,PTKC,PATHANKOT CANTT,'08:10:00','08:15:00'
'04941',LKO SVDK SPL   ,10,JAT ,JAMMU TAWI     ,'10:30:00','10:40:00'
'04941',LKO SVDK SPL   ,11,UHP ,UDHAMPUR       ,'12:10:00','12:20:00'
'04941',LKO SVDK SPL   ,12,SVDK,SHMATA VD KATRA,'13:00:00','00:00:00'
'04942',SVDK LKO SPL   ,1,SVDK,SHMATA VD KATRA,'00:00:00','15:30:00'
'04942',SVDK LKO SPL   ,2,UHP ,UDHAMPUR       ,'16:00:00','16:10:00'
'04942',SVDK LKO SPL   ,3,JAT ,JAMMU TAWI     ,'17:20:00','17:30:00'
'04942',SVDK LKO SPL   ,4,PTKC,PATHANKOT CANTT,'19:30:00','19:35:00'
'04942',SVDK LKO SPL   ,5,JRC ,JALANDHAR CANT ,'21:20:00','21:25:00'
'04942',SVDK LKO SPL   ,6,LDH ,LUDHIANA JN    ,'22:35:00','22:55:00'
'04942',SVDK LKO SPL   ,7,UMB ,AMBALA CANT JN ,'01:00:00','01:10:00'
'04942',SVDK LKO SPL   ,8,JUD ,JAGADHRI       ,'01:53:00','01:55:00'
'04942',SVDK LKO SPL   ,9,SRE ,SAHARANPUR     ,'02:35:00','02:45:00'
'04942',SVDK LKO SPL   ,10,MB  ,MORADABAD      ,'06:25:00','06:35:00'
'04942',SVDK LKO SPL   ,11,SPN ,SHAHJEHANPUR   ,'09:23:00','09:25:00'
'04942',SVDK LKO SPL   ,12,LKO ,LUCKNOW NR     ,'12:40:00','00:00:00'
'05010',GKP SGG SPL    ,1,GKP ,GORAKHPUR JN   ,'00:00:00','20:00:00'
'05010',GKP SGG SPL    ,1,SGG ,SULTANGANJ     ,'08:45:00','12:10:00'
'05010',GKP SGG SPL    ,2,CC  ,CHAURI CHAURA  ,'20:25:00','20:27:00'
'05010',GKP SGG SPL    ,2,JAJ ,JHAJHA         ,'16:40:00','16:45:00'
'05010',GKP SGG SPL    ,3,DEOS,DEORIA SADAR   ,'21:08:00','21:13:00'
'05010',GKP SGG SPL    ,3,STL ,SIMULTALA      ,'17:05:00','17:07:00'
'05010',GKP SGG SPL    ,4,BTT ,BHATNI JN      ,'21:35:00','21:40:00'
'05010',GKP SGG SPL    ,4,JSME,JASIDIH JN     ,'17:55:00','00:00:00'
'05010',GKP SGG SPL    ,5,MW  ,MAIRWA         ,'22:08:00','22:10:00'
'05010',GKP SGG SPL    ,6,SV  ,SIWAN JN       ,'22:35:00','22:40:00'
'05010',GKP SGG SPL    ,7,EKMA,EKMA           ,'23:20:00','23:22:00'
'05010',GKP SGG SPL    ,8,CPR ,CHHAPRA        ,'00:20:00','00:30:00'
'05010',GKP SGG SPL    ,9,DGA ,DIGHWARA       ,'01:01:00','01:03:00'
'05010',GKP SGG SPL    ,10,SEE ,SONPUR JN      ,'01:28:00','01:33:00'
'05010',GKP SGG SPL    ,11,HJP ,HAJIPUR JN     ,'01:43:00','01:48:00'
'05010',GKP SGG SPL    ,12,DES ,DESARI         ,'02:18:00','02:20:00'
'05010',GKP SGG SPL    ,13,MNO ,MEHNAR ROAD    ,'02:30:00','02:32:00'
'05010',GKP SGG SPL    ,14,SPP ,SHAHPUR PATOREE,'02:42:00','02:44:00'
'05010',GKP SGG SPL    ,15,MOG ,MOHIUDDINNAGAR ,'02:54:00','02:56:00'
'05010',GKP SGG SPL    ,16,VPDA,VIDYAPATIDHAM  ,'03:06:00','03:08:00'
'05010',GKP SGG SPL    ,17,BCA ,BACHWARA JN    ,'03:40:00','03:42:00'
'05010',GKP SGG SPL    ,18,BJU ,BARAUNI JN     ,'04:15:00','04:25:00'
'05010',GKP SGG SPL    ,19,KIUL,KIUL JN        ,'06:25:00','06:30:00'
'05010',GKP SGG SPL    ,20,AHA ,ABHAIPUR       ,'07:18:00','07:20:00'
'05010',GKP SGG SPL    ,21,JMP ,JAMALPUR JN    ,'07:45:00','07:55:00'
'05010',GKP SGG SPL    ,22,SGG ,SULTANGANJ     ,'08:45:00','00:00:00'
'05027',SUVDHA SPL     ,1,GKP ,GORAKHPUR JN   ,'00:00:00','20:55:00'
'05027',SUVDHA SPL     ,2,KLD ,KHALILABAD     ,'21:35:00','21:37:00'
'05027',SUVDHA SPL     ,3,BST ,BASTI          ,'22:00:00','22:05:00'
'05027',SUVDHA SPL     ,4,GD  ,GONDA JN       ,'23:15:00','23:20:00'
'05027',SUVDHA SPL     ,5,LKO ,LUCKNOW NR     ,'01:55:00','02:05:00'
'05027',SUVDHA SPL     ,6,MB  ,MORADABAD      ,'07:35:00','07:45:00'
'05027',SUVDHA SPL     ,7,ANVT,ANAND VIHAR TRM,'11:00:00','00:00:00'
'05028',SUVIDHA SPL    ,1,ANVT,ANAND VIHAR TRM,'00:00:00','14:00:00'
'05028',SUVIDHA SPL    ,2,MB  ,MORADABAD      ,'17:10:00','17:20:00'
'05028',SUVIDHA SPL    ,3,LKO ,LUCKNOW NR     ,'00:15:00','00:25:00'
'05028',SUVIDHA SPL    ,4,GD  ,GONDA JN       ,'02:35:00','02:40:00'
'05028',SUVIDHA SPL    ,5,BST ,BASTI          ,'03:40:00','03:45:00'
'05028',SUVIDHA SPL    ,6,KLD ,KHALILABAD     ,'04:10:00','04:12:00'
'05028',SUVIDHA SPL    ,7,GKP ,GORAKHPUR JN   ,'05:10:00','00:00:00'
'05065',CPR LJN SPL    ,1,CPR ,CHHAPRA        ,'00:00:00','19:30:00'
'05065',CPR LJN SPL    ,2,SV  ,SIWAN JN       ,'20:25:00','20:30:00'
'05065',CPR LJN SPL    ,3,THE ,THAWE JN       ,'21:15:00','21:20:00'
'05065',CPR LJN SPL    ,4,TOI ,TAMKUHI ROAD   ,'22:05:00','22:07:00'
'05065',CPR LJN SPL    ,5,POU ,PADRAUNA       ,'22:40:00','22:45:00'
'05065',CPR LJN SPL    ,6,RKL ,RAMKOLA        ,'23:02:00','23:04:00'
'05065',CPR LJN SPL    ,7,CPJ ,KAPTANGANJ JN  ,'23:45:00','23:50:00'
'05065',CPR LJN SPL    ,8,GKP ,GORAKHPUR JN   ,'01:15:00','01:30:00'
'05065',CPR LJN SPL    ,9,BST ,BASTI          ,'02:35:00','02:40:00'
'05065',CPR LJN SPL    ,10,MUR ,MANKAPUR JN    ,'03:25:00','03:27:00'
'05065',CPR LJN SPL    ,11,GD  ,GONDA JN       ,'04:05:00','04:10:00'
'05065',CPR LJN SPL    ,12,BBK ,BARABANKI JN   ,'06:30:00','06:32:00'
'05065',CPR LJN SPL    ,13,BNZ ,BADSHAHNAGAR   ,'07:03:00','07:05:00'
'05065',CPR LJN SPL    ,14,LJN ,LUCKNOW NE     ,'08:15:00','00:00:00'
'05066',LJN CPR SPL    ,1,LJN ,LUCKNOW NE     ,'00:00:00','20:25:00'
'05066',LJN CPR SPL    ,2,BNZ ,BADSHAHNAGAR   ,'20:52:00','20:54:00'
'05066',LJN CPR SPL    ,3,BBK ,BARABANKI JN   ,'21:30:00','21:32:00'
'05066',LJN CPR SPL    ,4,GD  ,GONDA JN       ,'23:20:00','23:30:00'
'05066',LJN CPR SPL    ,5,MUR ,MANKAPUR JN    ,'23:56:00','23:58:00'
'05066',LJN CPR SPL    ,6,BST ,BASTI          ,'01:15:00','01:20:00'
'05066',LJN CPR SPL    ,7,GKP ,GORAKHPUR JN   ,'03:00:00','03:15:00'
'05066',LJN CPR SPL    ,8,CPJ ,KAPTANGANJ JN  ,'04:15:00','04:20:00'
'05066',LJN CPR SPL    ,9,RKL ,RAMKOLA        ,'04:40:00','04:42:00'
'05066',LJN CPR SPL    ,10,POU ,PADRAUNA       ,'04:55:00','05:00:00'
'05066',LJN CPR SPL    ,11,TOI ,TAMKUHI ROAD   ,'05:35:00','05:37:00'
'05066',LJN CPR SPL    ,12,THE ,THAWE JN       ,'06:30:00','06:35:00'
'05066',LJN CPR SPL    ,13,SV  ,SIWAN JN       ,'07:30:00','07:35:00'
'05066',LJN CPR SPL    ,14,CPR ,CHHAPRA        ,'08:25:00','00:00:00'
'05115',CPR SVDKSPL    ,1,CPR ,CHHAPRA        ,'00:00:00','10:30:00'
'05115',CPR SVDKSPL    ,2,SV  ,SIWAN JN       ,'11:25:00','11:30:00'
'05115',CPR SVDKSPL    ,3,THE ,THAWE JN       ,'11:58:00','12:00:00'
'05115',CPR SVDKSPL    ,4,TOI ,TAMKUHI ROAD   ,'12:27:00','12:29:00'
'05115',CPR SVDKSPL    ,5,POU ,PADRAUNA       ,'12:59:00','13:04:00'
'05115',CPR SVDKSPL    ,6,CPJ ,KAPTANGANJ JN  ,'13:30:00','13:35:00'
'05115',CPR SVDKSPL    ,7,GKP ,GORAKHPUR JN   ,'14:15:00','14:30:00'
'05115',CPR SVDKSPL    ,8,KLD ,KHALILABAD     ,'15:10:00','15:12:00'
'05115',CPR SVDKSPL    ,9,BST ,BASTI          ,'15:45:00','15:50:00'
'05115',CPR SVDKSPL    ,10,GD  ,GONDA JN       ,'17:10:00','17:15:00'
'05115',CPR SVDKSPL    ,11,SCC ,SITAPUR CANT   ,'20:20:00','20:30:00'
'05115',CPR SVDKSPL    ,12,BE  ,BAREILLY       ,'23:45:00','23:50:00'
'05115',CPR SVDKSPL    ,13,MB  ,MORADABAD      ,'01:25:00','01:35:00'
'05115',CPR SVDKSPL    ,14,SRE ,SAHARANPUR     ,'05:05:00','05:15:00'
'05115',CPR SVDKSPL    ,15,JUD ,JAGADHRI       ,'05:43:00','05:45:00'
'05115',CPR SVDKSPL    ,16,UMB ,AMBALA CANT JN ,'06:42:00','06:50:00'
'05115',CPR SVDKSPL    ,17,LDH ,LUDHIANA JN    ,'08:40:00','08:50:00'
'05115',CPR SVDKSPL    ,18,JRC ,JALANDHAR CANT ,'09:38:00','09:43:00'
'05115',CPR SVDKSPL    ,19,PTKC,PATHANKOT CANTT,'11:40:00','11:45:00'
'05115',CPR SVDKSPL    ,20,JAT ,JAMMU TAWI     ,'13:40:00','13:50:00'
'05115',CPR SVDKSPL    ,21,UHP ,UDHAMPUR       ,'14:47:00','14:50:00'
'05115',CPR SVDKSPL    ,22,SVDK,SHMATA VD KATRA,'15:55:00','00:00:00'
'05116',SVDK CPR SPL   ,1,SVDK,SHMATA VD KATRA,'00:00:00','03:45:00'
'05116',SVDK CPR SPL   ,2,UHP ,UDHAMPUR       ,'04:15:00','04:23:00'
'05116',SVDK CPR SPL   ,3,JAT ,JAMMU TAWI     ,'05:10:00','05:18:00'
'05116',SVDK CPR SPL   ,4,PTKC,PATHANKOT CANTT,'07:10:00','07:15:00'
'05116',SVDK CPR SPL   ,5,JRC ,JALANDHAR CANT ,'09:10:00','09:15:00'
'05116',SVDK CPR SPL   ,6,LDH ,LUDHIANA JN    ,'10:40:00','10:50:00'
'05116',SVDK CPR SPL   ,7,UMB ,AMBALA CANT JN ,'13:00:00','13:10:00'
'05116',SVDK CPR SPL   ,8,JUD ,JAGADHRI       ,'13:50:00','13:52:00'
'05116',SVDK CPR SPL   ,9,SRE ,SAHARANPUR     ,'14:40:00','14:50:00'
'05116',SVDK CPR SPL   ,10,MB  ,MORADABAD      ,'18:00:00','18:10:00'
'05116',SVDK CPR SPL   ,11,BE  ,BAREILLY       ,'19:35:00','19:40:00'
'05116',SVDK CPR SPL   ,12,SCC ,SITAPUR CANT   ,'00:15:00','00:25:00'
'05116',SVDK CPR SPL   ,13,GD  ,GONDA JN       ,'03:40:00','03:45:00'
'05116',SVDK CPR SPL   ,14,BST ,BASTI          ,'04:55:00','05:00:00'
'05116',SVDK CPR SPL   ,15,KLD ,KHALILABAD     ,'05:30:00','05:32:00'
'05116',SVDK CPR SPL   ,16,GKP ,GORAKHPUR JN   ,'06:45:00','07:00:00'
'05116',SVDK CPR SPL   ,17,CPJ ,KAPTANGANJ JN  ,'08:10:00','08:15:00'
'05116',SVDK CPR SPL   ,18,POU ,PADRAUNA       ,'08:45:00','08:50:00'
'05116',SVDK CPR SPL   ,19,TOI ,TAMKUHI ROAD   ,'09:25:00','09:27:00'
'05116',SVDK CPR SPL   ,20,THE ,THAWE JN       ,'10:01:00','10:03:00'
'05116',SVDK CPR SPL   ,21,SV  ,SIWAN JN       ,'10:30:00','10:35:00'
'05116',SVDK CPR SPL   ,22,CPR ,CHHAPRA        ,'11:40:00','00:00:00'
'05817',APDJ DBB SPECIA,1,APDJ,ALIPUR DUAR JN ,'00:00:00','15:55:00'
'05817',APDJ DBB SPECIA,2,APD ,ALIPUR DUAR    ,'16:05:00','16:07:00'
'05817',APDJ DBB SPECIA,3,NCB ,NEW COOCH BEHAR,'16:35:00','16:40:00'
'05817',APDJ DBB SPECIA,4,TFGN,TUFANGANJ      ,'17:10:00','17:12:00'
'05817',APDJ DBB SPECIA,5,AGMN,AGOMONI        ,'17:41:00','17:43:00'
'05817',APDJ DBB SPECIA,6,GKJ ,GOLAKGANJ JN   ,'18:00:00','18:05:00'
'05817',APDJ DBB SPECIA,7,GUP ,GAURIPUR       ,'18:23:00','18:25:00'
'05817',APDJ DBB SPECIA,8,DBB ,DHUBRI         ,'19:05:00','00:00:00'
'05818',DBB APDJ SPECIA,1,DBB ,DHUBRI         ,'00:00:00','05:45:00'
'05818',DBB APDJ SPECIA,2,GUP ,GAURIPUR       ,'05:58:00','06:00:00'
'05818',DBB APDJ SPECIA,3,GKJ ,GOLAKGANJ JN   ,'06:20:00','06:25:00'
'05818',DBB APDJ SPECIA,4,AGMN,AGOMONI        ,'06:42:00','06:44:00'
'05818',DBB APDJ SPECIA,5,TFGN,TUFANGANJ      ,'07:13:00','07:15:00'
'05818',DBB APDJ SPECIA,6,NCB ,NEW COOCH BEHAR,'07:45:00','07:50:00'
'05818',DBB APDJ SPECIA,7,APD ,ALIPUR DUAR    ,'08:18:00','08:20:00'
'05818',DBB APDJ SPECIA,8,APDJ,ALIPUR DUAR JN ,'08:45:00','00:00:00'
'05967',RNY DBRG SPECIA,1,RNY ,RANGIYA JN     ,'00:00:00','05:45:00'
'05967',RNY DBRG SPECIA,2,CGS ,CHANGSARI      ,'06:15:00','06:16:00'
'05967',RNY DBRG SPECIA,3,KYQ ,KAMAKHYA       ,'06:40:00','06:50:00'
'05967',RNY DBRG SPECIA,4,GHY ,GUWAHATI       ,'07:05:00','07:15:00'
'05967',RNY DBRG SPECIA,5,JID ,JAGI ROAD      ,'08:16:00','08:18:00'
'05967',RNY DBRG SPECIA,6,CPK ,CHAPARMUKH JN  ,'08:45:00','08:47:00'
'05967',RNY DBRG SPECIA,7,HJI ,HOJAI          ,'09:39:00','09:41:00'
'05967',RNY DBRG SPECIA,8,LKA ,LANKA          ,'09:55:00','09:57:00'
'05967',RNY DBRG SPECIA,9,LMG ,LUMDING JN     ,'10:45:00','10:55:00'
'05967',RNY DBRG SPECIA,10,DPU ,DIPHU          ,'11:25:00','11:27:00'
'05967',RNY DBRG SPECIA,11,DMV ,DIMAPUR        ,'12:28:00','12:33:00'
'05967',RNY DBRG SPECIA,12,BXJ ,BOKAJAN        ,'12:50:00','12:51:00'
'05967',RNY DBRG SPECIA,13,SZR ,SARUPATHAR     ,'13:11:00','13:12:00'
'05967',RNY DBRG SPECIA,14,FKG ,FURKATING JN   ,'13:55:00','13:57:00'
'05967',RNY DBRG SPECIA,15,TTB ,TITABAR        ,'14:56:00','14:58:00'
'05967',RNY DBRG SPECIA,16,MXN ,MARIANI JN     ,'15:15:00','15:25:00'
'05967',RNY DBRG SPECIA,17,AGI ,AMGURI         ,'15:54:00','15:56:00'
'05967',RNY DBRG SPECIA,18,NMT ,NAMTIALI       ,'16:07:00','16:09:00'
'05967',RNY DBRG SPECIA,19,SLGR,SIMALUGURI JN  ,'16:22:00','16:24:00'
'05967',RNY DBRG SPECIA,20,BOJ ,BHOJO          ,'16:51:00','16:53:00'
'05967',RNY DBRG SPECIA,21,SPK ,SAPEKHATI      ,'17:06:00','17:08:00'
'05967',RNY DBRG SPECIA,22,BFD ,BORHAT         ,'17:20:00','17:22:00'
'05967',RNY DBRG SPECIA,23,NAM ,NAMRUP         ,'17:36:00','17:38:00'
'05967',RNY DBRG SPECIA,24,NHK ,NAHARKATIYA    ,'17:55:00','17:57:00'
'05967',RNY DBRG SPECIA,25,DJG ,DULIAJAN       ,'18:07:00','18:09:00'
'05967',RNY DBRG SPECIA,26,NTSK,NEW TINSUKIA JN,'18:40:00','18:50:00'
'05967',RNY DBRG SPECIA,27,CHB ,CHABUA         ,'19:10:00','19:12:00'
'05967',RNY DBRG SPECIA,28,DBRG,DIBRUGARH      ,'20:15:00','00:00:00'
'05968',DBRG RNY SPECIA,1,DBRG,DIBRUGARH      ,'00:00:00','05:00:00'
'05968',DBRG RNY SPECIA,2,CHB ,CHABUA         ,'05:26:00','05:28:00'
'05968',DBRG RNY SPECIA,3,NTSK,NEW TINSUKIA JN,'06:00:00','06:10:00'
'05968',DBRG RNY SPECIA,4,DJG ,DULIAJAN       ,'06:31:00','06:33:00'
'05968',DBRG RNY SPECIA,5,NHK ,NAHARKATIYA    ,'06:43:00','06:45:00'
'05968',DBRG RNY SPECIA,6,NAM ,NAMRUP         ,'06:58:00','07:00:00'
'05968',DBRG RNY SPECIA,7,BFD ,BORHAT         ,'07:08:00','07:10:00'
'05968',DBRG RNY SPECIA,8,SPK ,SAPEKHATI      ,'07:22:00','07:24:00'
'05968',DBRG RNY SPECIA,9,BOJ ,BHOJO          ,'07:37:00','07:39:00'
'05968',DBRG RNY SPECIA,10,SLGR,SIMALUGURI JN  ,'08:06:00','08:08:00'
'05968',DBRG RNY SPECIA,11,NMT ,NAMTIALI       ,'08:23:00','08:25:00'
'05968',DBRG RNY SPECIA,12,AGI ,AMGURI         ,'08:36:00','08:38:00'
'05968',DBRG RNY SPECIA,13,MXN ,MARIANI JN     ,'09:15:00','09:25:00'
'05968',DBRG RNY SPECIA,14,TTB ,TITABAR        ,'09:37:00','09:39:00'
'05968',DBRG RNY SPECIA,15,FKG ,FURKATING JN   ,'10:13:00','10:15:00'
'05968',DBRG RNY SPECIA,16,SZR ,SARUPATHAR     ,'10:44:00','10:45:00'
'05968',DBRG RNY SPECIA,17,BXJ ,BOKAJAN        ,'11:13:00','11:14:00'
'05968',DBRG RNY SPECIA,18,DMV ,DIMAPUR        ,'11:31:00','11:36:00'
'05968',DBRG RNY SPECIA,19,DPU ,DIPHU          ,'12:14:00','12:16:00'
'05968',DBRG RNY SPECIA,20,LMG ,LUMDING JN     ,'13:05:00','13:15:00'
'05968',DBRG RNY SPECIA,21,LKA ,LANKA          ,'13:53:00','13:55:00'
'05968',DBRG RNY SPECIA,22,HJI ,HOJAI          ,'14:09:00','14:10:00'
'05968',DBRG RNY SPECIA,23,CPK ,CHAPARMUKH JN  ,'14:47:00','14:49:00'
'05968',DBRG RNY SPECIA,24,JID ,JAGI ROAD      ,'15:16:00','15:18:00'
'05968',DBRG RNY SPECIA,25,GHY ,GUWAHATI       ,'16:50:00','17:00:00'
'05968',DBRG RNY SPECIA,26,KYQ ,KAMAKHYA       ,'17:15:00','23:25:00'
'05968',DBRG RNY SPECIA,27,CGS ,CHANGSARI      ,'23:42:00','23:43:00'
'05968',DBRG RNY SPECIA,28,RNY ,RANGIYA JN     ,'00:20:00','00:00:00'
